{
	"format_version": "1.21.6",
	"credit": "Made with Blockbench",
	"texture_size": [32, 32],
	"textures": {
		"0": "item/axel",
		"particle": "item/axel"
	},
	"elements": [
		{
			"from": [7, 1, 7],
			"to": [10, 5, 10],
			"rotation": {"angle": 0, "axis": "y", "origin": [7, 0, 8]},
			"faces": {
				"north": {"uv": [0, 0, 1.5, 2], "texture": "#0"},
				"east": {"uv": [1.5, 0, 3, 2], "texture": "#0"},
				"south": {"uv": [0, 2, 1.5, 4], "texture": "#0"},
				"west": {"uv": [1.5, 2, 3, 4], "texture": "#0"},
				"up": {"uv": [6, 3, 4.5, 1.5], "texture": "#0"},
				"down": {"uv": [6, 3, 4.5, 4.5], "texture": "#0"}
			}
		},
		{
			"from": [7.5, 3.5, 6.25],
			"to": [9.5, 5.5, 8.25],
			"rotation": {"angle": 0, "axis": "y", "origin": [7.5, 3.5, 6.25]},
			"faces": {
				"north": {"uv": [6, 3, 7, 4], "texture": "#0"},
				"east": {"uv": [6, 4, 7, 5], "texture": "#0"},
				"south": {"uv": [4.5, 6, 5.5, 7], "texture": "#0"},
				"west": {"uv": [6, 5, 7, 6], "texture": "#0"},
				"up": {"uv": [6.5, 7, 5.5, 6], "texture": "#0"},
				"down": {"uv": [7.5, 6, 6.5, 7], "texture": "#0"}
			}
		},
		{
			"from": [7.1, -0.15, 9.85],
			"to": [9.9, 2.65, 10.65],
			"rotation": {"angle": -32.5, "axis": "x", "origin": [7, 0.75, 9.75]},
			"faces": {
				"north": {"uv": [4.5, 4.5, 6, 6], "texture": "#0"},
				"east": {"uv": [7.5, 0, 8, 1.5], "texture": "#0"},
				"south": {"uv": [3, 5.5, 4.5, 7], "texture": "#0"},
				"west": {"uv": [1.5, 7.5, 2, 9], "texture": "#0"},
				"up": {"uv": [9, 2, 7.5, 1.5], "texture": "#0"},
				"down": {"uv": [9, 2, 7.5, 2.5], "texture": "#0"}
			}
		},
		{
			"from": [8.75, 0, 9],
			"to": [9.75, 2, 9],
			"rotation": {"angle": 0, "axis": "y", "origin": [7.75, 0, 7]},
			"faces": {
				"north": {"uv": [2, 7.5, 2.5, 8.5], "texture": "#0"},
				"east": {"uv": [0, 0, 0, 1], "texture": "#0"},
				"south": {"uv": [2.5, 7.5, 3, 8.5], "texture": "#0"},
				"west": {"uv": [0, 0, 0, 1], "texture": "#0"},
				"up": {"uv": [0.5, 0, 0, 0], "texture": "#0"},
				"down": {"uv": [0.5, 0, 0, 0], "texture": "#0"}
			}
		},
		{
			"from": [7.25, 0, 9],
			"to": [8.25, 2, 9],
			"rotation": {"angle": 0, "axis": "y", "origin": [6.25, 0, 8]},
			"faces": {
				"north": {"uv": [7.5, 6, 8, 7], "texture": "#0"},
				"east": {"uv": [0, 0, 0, 1], "texture": "#0"},
				"south": {"uv": [7, 7.5, 7.5, 8.5], "texture": "#0"},
				"west": {"uv": [0, 0, 0, 1], "texture": "#0"},
				"up": {"uv": [0.5, 0, 0, 0], "texture": "#0"},
				"down": {"uv": [0.5, 0, 0, 0], "texture": "#0"}
			}
		},
		{
			"from": [8.75, 0, 7],
			"to": [9.75, 0, 9],
			"rotation": {"angle": 0, "axis": "y", "origin": [7.75, 0, 6]},
			"faces": {
				"north": {"uv": [0, 0, 0.5, 0], "texture": "#0"},
				"east": {"uv": [0, 0, 1, 0], "texture": "#0"},
				"south": {"uv": [0, 0, 0.5, 0], "texture": "#0"},
				"west": {"uv": [0, 0, 1, 0], "texture": "#0"},
				"up": {"uv": [8, 8.5, 7.5, 7.5], "texture": "#0"},
				"down": {"uv": [0.5, 8, 0, 9], "texture": "#0"}
			}
		},
		{
			"from": [7.25, 0, 7],
			"to": [8.25, 0, 9],
			"rotation": {"angle": 0, "axis": "y", "origin": [6.25, 0, 6]},
			"faces": {
				"north": {"uv": [0, 0, 0.5, 0], "texture": "#0"},
				"east": {"uv": [0, 0, 1, 0], "texture": "#0"},
				"south": {"uv": [0, 0, 0.5, 0], "texture": "#0"},
				"west": {"uv": [0, 0, 1, 0], "texture": "#0"},
				"up": {"uv": [8.5, 1, 8, 0], "texture": "#0"},
				"down": {"uv": [1, 8, 0.5, 9], "texture": "#0"}
			}
		},
		{
			"name": "cube_outline",
			"from": [10.6, 3.35, 11.35],
			"to": [6.4, -0.85, 9.15],
			"rotation": {"angle": -32.5, "axis": "x", "origin": [7, 0.75, 9.75]},
			"faces": {
				"north": {"uv": [3, 4, 4.5, 5.5], "texture": "#0"},
				"east": {"uv": [6, 7, 6.5, 8.5], "texture": "#0"},
				"south": {"uv": [4.5, 0, 6, 1.5], "texture": "#0"},
				"west": {"uv": [6.5, 7, 7, 8.5], "texture": "#0"},
				"up": {"uv": [8.5, 7.5, 7, 7], "texture": "#0"},
				"down": {"uv": [1.5, 7.5, 0, 8], "texture": "#0"}
			}
		},
		{
			"name": "cube_outline",
			"from": [10.6, 5.6, 10.6],
			"to": [6.4, 0.4, 6.4],
			"rotation": {"angle": 0, "axis": "y", "origin": [7, 0, 8]},
			"faces": {
				"north": {"uv": [3, 0, 4.5, 2], "texture": "#0"},
				"east": {"uv": [3, 2, 4.5, 4], "texture": "#0"},
				"south": {"uv": [0, 4, 1.5, 6], "texture": "#0"},
				"west": {"uv": [1.5, 4, 3, 6], "texture": "#0"},
				"up": {"uv": [3, 7.5, 1.5, 6], "texture": "#0"},
				"down": {"uv": [7.5, 1.5, 6, 3], "texture": "#0"}
			}
		},
		{
			"name": "cube_outline",
			"from": [10.1, 6.1, 8.85],
			"to": [6.9, 2.9, 5.65],
			"rotation": {"angle": 0, "axis": "y", "origin": [7.5, 3.5, 6.25]},
			"faces": {
				"north": {"uv": [3, 7, 4, 8], "texture": "#0"},
				"east": {"uv": [7, 3, 8, 4], "texture": "#0"},
				"south": {"uv": [4, 7, 5, 8], "texture": "#0"},
				"west": {"uv": [7, 4, 8, 5], "texture": "#0"},
				"up": {"uv": [6, 8, 5, 7], "texture": "#0"},
				"down": {"uv": [8, 5, 7, 6], "texture": "#0"}
			}
		},
		{
			"name": "cube_outline",
			"from": [10.35, 2.6, 9.6],
			"to": [8.15, -0.6, 8.4],
			"rotation": {"angle": 0, "axis": "y", "origin": [7.75, 0, 7]},
			"faces": {
				"north": {"uv": [1, 8, 1.5, 9], "texture": "#0"},
				"east": {"uv": [8, 2.5, 8.5, 3.5], "texture": "#0"},
				"south": {"uv": [3, 8, 3.5, 9], "texture": "#0"},
				"west": {"uv": [3.5, 8, 4, 9], "texture": "#0"},
				"up": {"uv": [8, 3, 7.5, 2.5], "texture": "#0"},
				"down": {"uv": [9, 0.5, 8.5, 1], "texture": "#0"}
			}
		},
		{
			"name": "cube_outline",
			"from": [8.85, 2.6, 9.6],
			"to": [6.65, -0.6, 8.4],
			"rotation": {"angle": 0, "axis": "y", "origin": [6.25, 0, 8]},
			"faces": {
				"north": {"uv": [8, 3.5, 8.5, 4.5], "texture": "#0"},
				"east": {"uv": [4, 8, 4.5, 9], "texture": "#0"},
				"south": {"uv": [4.5, 8, 5, 9], "texture": "#0"},
				"west": {"uv": [8, 4.5, 8.5, 5.5], "texture": "#0"},
				"up": {"uv": [9, 3, 8.5, 2.5], "texture": "#0"},
				"down": {"uv": [9, 3, 8.5, 3.5], "texture": "#0"}
			}
		},
		{
			"name": "cube_outline",
			"from": [10.35, 0.6, 9.6],
			"to": [8.15, -0.6, 6.4],
			"rotation": {"angle": 0, "axis": "y", "origin": [7.75, 0, 6]},
			"faces": {
				"north": {"uv": [8.5, 3.5, 9, 4], "texture": "#0"},
				"east": {"uv": [8, 1, 9, 1.5], "texture": "#0"},
				"south": {"uv": [8.5, 4, 9, 4.5], "texture": "#0"},
				"west": {"uv": [5, 8, 6, 8.5], "texture": "#0"},
				"up": {"uv": [8.5, 6.5, 8, 5.5], "texture": "#0"},
				"down": {"uv": [8.5, 7.5, 8, 8.5], "texture": "#0"}
			}
		},
		{
			"name": "cube_outline",
			"from": [8.85, 0.6, 9.6],
			"to": [6.65, -0.6, 6.4],
			"rotation": {"angle": 0, "axis": "y", "origin": [6.25, 0, 6]},
			"faces": {
				"north": {"uv": [8.5, 4.5, 9, 5], "texture": "#0"},
				"east": {"uv": [8, 6.5, 9, 7], "texture": "#0"},
				"south": {"uv": [5, 8.5, 5.5, 9], "texture": "#0"},
				"west": {"uv": [8.5, 0, 9.5, 0.5], "texture": "#0"},
				"up": {"uv": [2.5, 9.5, 2, 8.5], "texture": "#0"},
				"down": {"uv": [3, 8.5, 2.5, 9.5], "texture": "#0"}
			}
		}
	],
	"display": {
		"thirdperson_righthand": {
			"rotation": [57.25, 0, 0],
			"translation": [-0.75, 5.5, 6.25]
		},
		"thirdperson_lefthand": {
			"rotation": [46, 0, 0],
			"translation": [0, 7.5, 4.25]
		},
		"firstperson_righthand": {
			"rotation": [0, 124, 0],
			"translation": [0, 7.75, -0.75]
		},
		"firstperson_lefthand": {
			"rotation": [0, 101, 0],
			"translation": [0, 7.75, 0]
		},
		"ground": {
			"translation": [0, 5.75, 0]
		},
		"gui": {
			"rotation": [14, 155, 0],
			"translation": [0, 10.25, 0],
			"scale": [2, 2, 2]
		},
		"head": {
			"translation": [0, 15.25, 0]
		},
		"fixed": {
			"rotation": [0, -39, 0],
			"translation": [0, 9.75, -5],
			"scale": [2, 2, 2]
		},
		"on_shelf": {
			"rotation": [0, 158, 0],
			"translation": [0, 4.75, 0],
			"scale": [2, 2, 2]
		}
	},
	"groups": [
		{
			"name": "group",
			"origin": [8, 8, 8],
			"color": 0,
			"children": [
				0,
				1,
				2,
				3,
				4,
				5,
				6,
				{
					"name": "group",
					"origin": [6.25, 0, 6],
					"color": 0,
					"children": [7, 8, 9, 10, 11, 12, 13]
				}
			]
		}
	]
}