{
	"format_version": "1.21.11",
	"credit": "Made with Blockbench",
	"texture_size": [32, 32],
	"textures": {
		"0": "item/blueiron",
		"particle": "item/blueiron"
	},
	"elements": [
		{
			"from": [6, 0, 6],
			"to": [10, 7, 10],
			"rotation": {"angle": 0, "axis": "y", "origin": [6, 0, 6]},
			"faces": {
				"north": {"uv": [4, 0, 6, 3.5], "texture": "#0"},
				"east": {"uv": [4, 3.5, 6, 7], "texture": "#0"},
				"south": {"uv": [6, 0, 8, 3.5], "texture": "#0"},
				"west": {"uv": [6, 3.5, 8, 7], "texture": "#0"},
				"up": {"uv": [11.5, 2, 9.5, 0], "texture": "#0"},
				"down": {"uv": [11.5, 2, 9.5, 4], "texture": "#0"}
			}
		},
		{
			"from": [8, 0, 8],
			"to": [11, 5, 11],
			"rotation": {"angle": 0, "axis": "y", "origin": [8, 0, 9]},
			"faces": {
				"north": {"uv": [6, 10, 7.5, 12.5], "texture": "#0"},
				"east": {"uv": [7.5, 10, 9, 12.5], "texture": "#0"},
				"south": {"uv": [9, 10, 10.5, 12.5], "texture": "#0"},
				"west": {"uv": [10.5, 10, 12, 12.5], "texture": "#0"},
				"up": {"uv": [12.5, 10, 11, 8.5], "texture": "#0"},
				"down": {"uv": [13, 0, 11.5, 1.5], "texture": "#0"}
			}
		},
		{
			"from": [5.5, 0, 5.5],
			"to": [8.5, 6, 8.5],
			"rotation": {"angle": 0, "axis": "y", "origin": [5.5, 0, 6.5]},
			"faces": {
				"north": {"uv": [6, 7, 7.5, 10], "texture": "#0"},
				"east": {"uv": [7.5, 7, 9, 10], "texture": "#0"},
				"south": {"uv": [8, 0, 9.5, 3], "texture": "#0"},
				"west": {"uv": [8, 3, 9.5, 6], "texture": "#0"},
				"up": {"uv": [13, 3, 11.5, 1.5], "texture": "#0"},
				"down": {"uv": [13.5, 10, 12, 11.5], "texture": "#0"}
			}
		},
		{
			"name": "cube_outline",
			"from": [10.6, 7.6, 10.6],
			"to": [5.4, -0.6, 5.4],
			"rotation": {"angle": 0, "axis": "y", "origin": [6, 0, 6]},
			"faces": {
				"north": {"uv": [0, 0, 2, 3.5], "texture": "#0"},
				"east": {"uv": [2, 0, 4, 3.5], "texture": "#0"},
				"south": {"uv": [0, 3.5, 2, 7], "texture": "#0"},
				"west": {"uv": [2, 3.5, 4, 7], "texture": "#0"},
				"up": {"uv": [11, 8, 9, 6], "texture": "#0"},
				"down": {"uv": [11, 8, 9, 10], "texture": "#0"}
			}
		},
		{
			"name": "cube_outline",
			"from": [11.6, 5.6, 11.6],
			"to": [7.4, -0.6, 7.4],
			"rotation": {"angle": 0, "axis": "y", "origin": [8, 0, 9]},
			"faces": {
				"north": {"uv": [0, 10, 1.5, 12.5], "texture": "#0"},
				"east": {"uv": [1.5, 10, 3, 12.5], "texture": "#0"},
				"south": {"uv": [3, 10, 4.5, 12.5], "texture": "#0"},
				"west": {"uv": [4.5, 10, 6, 12.5], "texture": "#0"},
				"up": {"uv": [11, 5.5, 9.5, 4], "texture": "#0"},
				"down": {"uv": [12.5, 4, 11, 5.5], "texture": "#0"}
			}
		},
		{
			"name": "cube_outline",
			"from": [9.1, 6.6, 9.1],
			"to": [4.9, -0.6, 4.9],
			"rotation": {"angle": 0, "axis": "y", "origin": [5.5, 0, 6.5]},
			"faces": {
				"north": {"uv": [0, 7, 1.5, 10], "texture": "#0"},
				"east": {"uv": [1.5, 7, 3, 10], "texture": "#0"},
				"south": {"uv": [3, 7, 4.5, 10], "texture": "#0"},
				"west": {"uv": [4.5, 7, 6, 10], "texture": "#0"},
				"up": {"uv": [12.5, 7, 11, 5.5], "texture": "#0"},
				"down": {"uv": [12.5, 7, 11, 8.5], "texture": "#0"}
			}
		}
	],
	"display": {
		"thirdperson_righthand": {
			"rotation": [35, -127, 0],
			"translation": [1, 5, 2.5]
		},
		"thirdperson_lefthand": {
			"rotation": [25, 120, 0],
			"translation": [0, 4, 1.75]
		},
		"firstperson_righthand": {
			"translation": [0.25, 7.5, 2]
		},
		"firstperson_lefthand": {
			"rotation": [5, -78, 20],
			"translation": [0, 9, 0]
		},
		"ground": {
			"translation": [0, 1.5, 0],
			"scale": [0.5, 0.5, 0.5]
		},
		"gui": {
			"rotation": [35, 17, -15],
			"translation": [1.75, 5.5, 0],
			"scale": [1.5, 1.5, 1.5]
		},
		"head": {
			"rotation": [0, -114, 0],
			"translation": [0, 14.25, 0]
		},
		"fixed": {
			"rotation": [0, -121, 0],
			"translation": [1, 6.5, 0],
			"scale": [1.5, 1.5, 1.5]
		},
		"on_shelf": {
			"rotation": [0, 40, 0]
		}
	},
	"groups": [
		{
			"name": "group",
			"origin": [8, 8, 8],
			"color": 0,
			"children": [0, 1, 2]
		},
		{
			"name": "group",
			"origin": [6, 0, 6],
			"color": 0,
			"children": [3, 4, 5]
		}
	]
}