{
	"format_version": "1.21.11",
	"credit": "Made with Blockbench",
	"texture_size": [32, 32],
	"textures": {
		"0": "item/chest_short_o",
		"particle": "item/chest_short_o"
	},
	"elements": [
		{
			"from": [4, 0, 2],
			"to": [12, 4, 14],
			"rotation": {"angle": 0, "axis": "y", "origin": [7, 0, 7]},
			"faces": {
				"north": {"uv": [8, 4, 12, 6], "texture": "#0"},
				"east": {"uv": [8, 0, 14, 2], "texture": "#0"},
				"south": {"uv": [8, 6, 12, 8], "texture": "#0"},
				"west": {"uv": [8, 2, 14, 4], "texture": "#0"},
				"up": {"uv": [4, 12, 0, 6], "texture": "#0"},
				"down": {"uv": [8, 6, 4, 12], "texture": "#0"}
			}
		},
		{
			"from": [3, 4, 3],
			"to": [11, 5, 15],
			"rotation": {"angle": 30, "axis": "y", "origin": [4, 4, 4]},
			"faces": {
				"north": {"uv": [8, 9, 12, 9.5], "texture": "#0"},
				"east": {"uv": [8, 8, 14, 8.5], "texture": "#0"},
				"south": {"uv": [8, 9.5, 12, 10], "texture": "#0"},
				"west": {"uv": [8, 8.5, 14, 9], "texture": "#0"},
				"up": {"uv": [4, 6, 0, 0], "texture": "#0"},
				"down": {"uv": [8, 0, 4, 6], "texture": "#0"}
			}
		}
	],
	"groups": [
		{
			"name": "group",
			"origin": [8, 8, 8],
			"color": 0,
			"children": [0, 1]
		}
	]
}