{
	"format_version": "1.21.11",
	"credit": "Made with Blockbench",
	"texture_size": [64, 64],
	"textures": {
		"0": "item/chest_long_o",
		"particle": "item/chest_long_o"
	},
	"elements": [
		{
			"from": [5, 2, -4],
			"to": [13, 4, 20],
			"rotation": {"angle": 0, "axis": "y", "origin": [2, 2, 1]},
			"faces": {
				"north": {"uv": [6, 1.5, 8, 2], "texture": "#0"},
				"east": {"uv": [6, 0, 12, 0.5], "texture": "#0"},
				"south": {"uv": [2, 6, 4, 6.5], "texture": "#0"},
				"west": {"uv": [6, 0.5, 12, 1], "texture": "#0"},
				"up": {"uv": [6, 6, 4, 0], "texture": "#0"},
				"down": {"uv": [2, 6, 0, 12], "texture": "#0"}
			}
		},
		{
			"from": [5, 0, -4],
			"to": [13, 2, 20],
			"rotation": {"angle": 0, "axis": "y", "origin": [2, 0, 1]},
			"faces": {
				"north": {"uv": [6, 1.5, 8, 2], "texture": "#0"},
				"east": {"uv": [6, 0, 12, 0.5], "texture": "#0"},
				"south": {"uv": [2, 6, 4, 6.5], "texture": "#0"},
				"west": {"uv": [6, 0.5, 12, 1], "texture": "#0"},
				"up": {"uv": [6, 6, 4, 0], "texture": "#0"},
				"down": {"uv": [2, 6, 0, 12], "texture": "#0"}
			}
		},
		{
			"from": [6, 4, -7],
			"to": [14, 5, 17],
			"rotation": {"angle": -27.5, "axis": "y", "origin": [3, 6, -2]},
			"faces": {
				"north": {"uv": [6, 2, 8, 2.25], "texture": "#0"},
				"east": {"uv": [6, 1, 12, 1.25], "texture": "#0"},
				"south": {"uv": [6, 2.25, 8, 2.5], "texture": "#0"},
				"west": {"uv": [6, 1.25, 12, 1.5], "texture": "#0"},
				"up": {"uv": [2, 6, 0, 0], "texture": "#0"},
				"down": {"uv": [4, 0, 2, 6], "texture": "#0"}
			}
		}
	],
	"groups": [
		{
			"name": "group",
			"origin": [8, 8, 8],
			"color": 0,
			"children": [0, 1, 2]
		}
	]
}