{
	"format_version": "1.21.11",
	"credit": "Made with Blockbench",
	"texture_size": [64, 64],
	"textures": {
		"0": "item/chest_paper_o",
		"particle": "item/chest_paper_o"
	},
	"elements": [
		{
			"from": [2, 0, 3],
			"to": [14, 10, 13],
			"rotation": {"angle": 0, "axis": "y", "origin": [4, 2, 4]},
			"faces": {
				"north": {"uv": [0, 2.5, 3, 5], "texture": "#0"},
				"east": {"uv": [0, 5, 2.5, 7.5], "texture": "#0"},
				"south": {"uv": [0, 2.5, 3, 5], "texture": "#0"},
				"west": {"uv": [0, 5, 2.5, 7.5], "texture": "#0"},
				"up": {"uv": [6, 2.5, 3, 0], "texture": "#0"},
				"down": {"uv": [3, 0, 0, 2.5], "texture": "#0"}
			}
		},
		{
			"from": [2, 11.68957, 2.62565],
			"to": [14, 11.68957, 7.62565],
			"rotation": {"angle": -25, "axis": "x", "origin": [7, 11.68957, 6.62565]},
			"faces": {
				"north": {"uv": [0, 0, 3, 0], "texture": "#0"},
				"east": {"uv": [0, 0, 1.25, 0], "texture": "#0"},
				"south": {"uv": [0, 0, 3, 0], "texture": "#0"},
				"west": {"uv": [0, 0, 1.25, 0], "texture": "#0"},
				"up": {"uv": [6, 1.25, 3, 0], "texture": "#0"},
				"down": {"uv": [6, 0, 3, 1.25], "texture": "#0"}
			}
		},
		{
			"from": [0, 0, 0],
			"to": [2, 2, 2],
			"color": 7,
			"faces": {
				"north": {"uv": [0, 0, 0.5, 0.5], "texture": "#missing"},
				"east": {"uv": [0, 0, 0.5, 0.5], "texture": "#missing"},
				"south": {"uv": [0, 0, 0.5, 0.5], "texture": "#missing"},
				"west": {"uv": [0, 0, 0.5, 0.5], "texture": "#missing"},
				"up": {"uv": [0, 0, 0.5, 0.5], "texture": "#missing"},
				"down": {"uv": [0, 0, 0.5, 0.5], "texture": "#missing"}
			}
		}
	],
	"groups": [
		{
			"name": "group",
			"origin": [8, 8, 8],
			"color": 0,
			"children": [0, 1, 2]
		}
	]
}