{
	"format_version": "1.21.11",
	"credit": "Made with Blockbench",
	"texture_size": [64, 64],
	"textures": {
		"0": "item/chest_safe_c",
		"particle": "item/chest_safe_c"
	},
	"elements": [
		{
			"from": [0, 0, 3],
			"to": [16, 17, 16],
			"rotation": {"angle": 0, "axis": "y", "origin": [1, 0, 1]},
			"faces": {
				"north": {"uv": [0, 0, 4, 4.25], "texture": "#0"},
				"east": {"uv": [8, 0, 11.25, 4.25], "texture": "#0"},
				"south": {"uv": [4, 0, 8, 4.25], "texture": "#0"},
				"west": {"uv": [8, 0, 11.25, 4.25], "texture": "#0"},
				"up": {"uv": [4, 11.75, 0, 8.5], "texture": "#0"},
				"down": {"uv": [8, 8.5, 4, 11.75], "texture": "#0"}
			}
		},
		{
			"from": [0, 0, 1],
			"to": [16, 17, 3],
			"rotation": {"angle": 0, "axis": "y", "origin": [1, 0, 0]},
			"faces": {
				"north": {"uv": [0, 4.25, 4, 8.5], "texture": "#0"},
				"east": {"uv": [8, 8.5, 8.5, 12.75], "texture": "#0"},
				"south": {"uv": [4, 4.25, 8, 8.5], "texture": "#0"},
				"west": {"uv": [8.5, 8.5, 9, 12.75], "texture": "#0"},
				"up": {"uv": [13, 9, 9, 8.5], "texture": "#0"},
				"down": {"uv": [13, 9, 9, 9.5], "texture": "#0"}
			}
		},
		{
			"from": [9, 7, 0],
			"to": [15, 10, 2],
			"rotation": {"angle": 0, "axis": "y", "origin": [11, 7, 0]},
			"faces": {
				"north": {"uv": [9, 9.5, 10.5, 10.25], "texture": "#0"},
				"east": {"uv": [11.25, 3.5, 11.75, 4.25], "texture": "#0"},
				"south": {"uv": [9, 10.25, 10.5, 11], "texture": "#0"},
				"west": {"uv": [11.25, 4.25, 11.75, 5], "texture": "#0"},
				"up": {"uv": [10.5, 11.5, 9, 11], "texture": "#0"},
				"down": {"uv": [12.75, 0, 11.25, 0.5], "texture": "#0"}
			}
		},
		{
			"from": [5, 6.5, 0],
			"to": [9, 10.5, 2],
			"rotation": {"angle": 0, "axis": "y", "origin": [7, 6.5, 0]},
			"faces": {
				"north": {"uv": [10.5, 9.5, 11.5, 10.5], "texture": "#0"},
				"east": {"uv": [11.25, 0.5, 11.75, 1.5], "texture": "#0"},
				"south": {"uv": [10.5, 10.5, 11.5, 11.5], "texture": "#0"},
				"west": {"uv": [11.25, 1.5, 11.75, 2.5], "texture": "#0"},
				"up": {"uv": [12.25, 3, 11.25, 2.5], "texture": "#0"},
				"down": {"uv": [12.25, 3, 11.25, 3.5], "texture": "#0"}
			}
		}
	],
	"groups": [
		{
			"name": "group",
			"origin": [8, 8, 8],
			"color": 0,
			"children": [0, 1, 2, 3]
		}
	]
}