{
	"format_version": "1.21.11",
	"credit": "Made with Blockbench",
	"texture_size": [32, 32],
	"textures": {
		"0": "item/gfirehen",
		"particle": "item/gfirehen"
	},
	"elements": [
		{
			"from": [6, 0, 4],
			"to": [9, 5, 11],
			"rotation": {"angle": 0, "axis": "y", "origin": [5, 0, 0]},
			"faces": {
				"north": {"uv": [6.5, 9, 8, 11.5], "texture": "#0"},
				"east": {"uv": [0, 0, 3.5, 2.5], "texture": "#0"},
				"south": {"uv": [8, 9, 9.5, 11.5], "texture": "#0"},
				"west": {"uv": [0, 2.5, 3.5, 5], "texture": "#0"},
				"up": {"uv": [8.5, 5.5, 7, 2], "texture": "#0"},
				"down": {"uv": [5, 7, 3.5, 10.5], "texture": "#0"}
			}
		},
		{
			"from": [6.5, 5, 6],
			"to": [8.5, 7, 9],
			"rotation": {"angle": 0, "axis": "y", "origin": [6.5, 7, 8]},
			"faces": {
				"north": {"uv": [5.5, 11.5, 6.5, 12.5], "texture": "#0"},
				"east": {"uv": [4.5, 10.5, 6, 11.5], "texture": "#0"},
				"south": {"uv": [11.5, 5.5, 12.5, 6.5], "texture": "#0"},
				"west": {"uv": [11, 8.5, 12.5, 9.5], "texture": "#0"},
				"up": {"uv": [12, 11, 11, 9.5], "texture": "#0"},
				"down": {"uv": [12, 11, 11, 12.5], "texture": "#0"}
			}
		},
		{
			"from": [6.45, 4.25, 8],
			"to": [8.45, 6.25, 10],
			"rotation": {"angle": 0, "axis": "y", "origin": [6.45, 4.25, 8]},
			"faces": {
				"north": {"uv": [6.5, 11.5, 7.5, 12.5], "texture": "#0"},
				"east": {"uv": [11.5, 6.5, 12.5, 7.5], "texture": "#0"},
				"south": {"uv": [7.5, 11.5, 8.5, 12.5], "texture": "#0"},
				"west": {"uv": [11.5, 7.5, 12.5, 8.5], "texture": "#0"},
				"up": {"uv": [9.5, 12.5, 8.5, 11.5], "texture": "#0"},
				"down": {"uv": [10.5, 11.5, 9.5, 12.5], "texture": "#0"}
			}
		},
		{
			"from": [6.55, 5.25, 4],
			"to": [8.55, 6.25, 6],
			"rotation": {"angle": 0, "axis": "y", "origin": [6.55, 4.25, 4]},
			"faces": {
				"north": {"uv": [10, 8.5, 11, 9], "texture": "#0"},
				"east": {"uv": [12.5, 6, 13.5, 6.5], "texture": "#0"},
				"south": {"uv": [6.5, 12.5, 7.5, 13], "texture": "#0"},
				"west": {"uv": [12.5, 6.5, 13.5, 7], "texture": "#0"},
				"up": {"uv": [13, 1, 12, 0], "texture": "#0"},
				"down": {"uv": [13, 1, 12, 2], "texture": "#0"}
			}
		},
		{
			"from": [6, 2.56036, 5.72648],
			"to": [9, 6.56036, 12.72648],
			"rotation": {"angle": -42.5, "axis": "x", "origin": [5, 1.56036, 1.72648]},
			"faces": {
				"north": {"uv": [10, 4.5, 11.5, 6.5], "texture": "#0"},
				"east": {"uv": [0, 5, 3.5, 7], "texture": "#0"},
				"south": {"uv": [10, 6.5, 11.5, 8.5], "texture": "#0"},
				"west": {"uv": [3.5, 5, 7, 7], "texture": "#0"},
				"up": {"uv": [6.5, 10.5, 5, 7], "texture": "#0"},
				"down": {"uv": [8.5, 5.5, 7, 9], "texture": "#0"}
			}
		},
		{
			"name": "cube_outline",
			"from": [9.5, 5.5, 11.5],
			"to": [5.5, -0.5, 3.5],
			"rotation": {"angle": 0, "axis": "y", "origin": [5, 0, 0]},
			"faces": {
				"north": {"uv": [9.5, 9, 11, 11.5], "texture": "#0"},
				"east": {"uv": [3.5, 0, 7, 2.5], "texture": "#0"},
				"south": {"uv": [10, 2, 11.5, 4.5], "texture": "#0"},
				"west": {"uv": [3.5, 2.5, 7, 5], "texture": "#0"},
				"up": {"uv": [10, 5.5, 8.5, 2], "texture": "#0"},
				"down": {"uv": [10, 5.5, 8.5, 9], "texture": "#0"}
			}
		},
		{
			"name": "cube_outline",
			"from": [9, 7.5, 9.5],
			"to": [6, 4.5, 5.5],
			"rotation": {"angle": 0, "axis": "y", "origin": [6.5, 7, 8]},
			"faces": {
				"north": {"uv": [12, 11.5, 13, 12.5], "texture": "#0"},
				"east": {"uv": [11.5, 2, 13, 3], "texture": "#0"},
				"south": {"uv": [0, 12.5, 1, 13.5], "texture": "#0"},
				"west": {"uv": [11.5, 3, 13, 4], "texture": "#0"},
				"up": {"uv": [12.5, 5.5, 11.5, 4], "texture": "#0"},
				"down": {"uv": [5.5, 11.5, 4.5, 13], "texture": "#0"}
			}
		},
		{
			"name": "cube_outline",
			"from": [8.95, 6.75, 10.5],
			"to": [5.95, 3.75, 7.5],
			"rotation": {"angle": 0, "axis": "y", "origin": [6.45, 4.25, 8]},
			"faces": {
				"north": {"uv": [1, 12.5, 2, 13.5], "texture": "#0"},
				"east": {"uv": [2, 12.5, 3, 13.5], "texture": "#0"},
				"south": {"uv": [3, 12.5, 4, 13.5], "texture": "#0"},
				"west": {"uv": [12.5, 4, 13.5, 5], "texture": "#0"},
				"up": {"uv": [13.5, 6, 12.5, 5], "texture": "#0"},
				"down": {"uv": [6.5, 12.5, 5.5, 13.5], "texture": "#0"}
			}
		},
		{
			"name": "cube_outline",
			"from": [9.5, 7.06036, 13.22648],
			"to": [5.5, 2.06036, 5.22648],
			"rotation": {"angle": -42.5, "axis": "x", "origin": [5, 1.56036, 1.72648]},
			"faces": {
				"north": {"uv": [10.5, 0, 12, 2], "texture": "#0"},
				"east": {"uv": [0, 7, 3.5, 9], "texture": "#0"},
				"south": {"uv": [3, 10.5, 4.5, 12.5], "texture": "#0"},
				"west": {"uv": [7, 0, 10.5, 2], "texture": "#0"},
				"up": {"uv": [1.5, 12.5, 0, 9], "texture": "#0"},
				"down": {"uv": [3, 9, 1.5, 12.5], "texture": "#0"}
			}
		}
	],
	"display": {
		"thirdperson_righthand": {
			"translation": [0, 4, 0],
			"scale": [0.5, 0.5, 0.5]
		},
		"thirdperson_lefthand": {
			"translation": [0, 3.75, 0],
			"scale": [0.5, 0.5, 0.5]
		},
		"firstperson_righthand": {
			"translation": [3.5, 4.25, 0]
		},
		"firstperson_lefthand": {
			"translation": [0, 4, 0]
		},
		"ground": {
			"translation": [0, 2.25, 0],
			"scale": [0.5, 0.5, 0.5]
		},
		"gui": {
			"rotation": [22, 52, 0],
			"translation": [0, 1.25, 0],
			"scale": [0.8, 0.8, 0.8]
		},
		"head": {
			"rotation": [0, 180, 0],
			"translation": [-0.75, 15.25, -0.25]
		},
		"fixed": {
			"rotation": [0, -90, 0],
			"translation": [-1.5, 2, -0.75]
		},
		"on_shelf": {
			"rotation": [0, 90, 0],
			"translation": [1, 0, 0]
		}
	},
	"groups": [
		{
			"name": "group",
			"origin": [8, 8, 8],
			"color": 0,
			"children": [0, 1, 2, 3, 4]
		},
		{
			"name": "group",
			"origin": [6.55, 4.25, 4],
			"color": 0,
			"children": [5, 6, 7, 8]
		}
	]
}