{
	"format_version": "1.21.6",
	"credit": "Made with Blockbench",
	"texture_size": [128, 128],
	"textures": {
		"3": "item/ksm1",
		"4": "item/ksm3",
		"10": "item/ksm2"
	},
	"elements": [
		{
			"from": [2.5, 12.5, 6.40625],
			"to": [13.5, 20.5, 6.40625],
			"rotation": {"angle": 0, "axis": "y", "origin": [8, 11.75, 8]},
			"faces": {
				"north": {"uv": [11, 0, 0, 8], "texture": "#10"},
				"east": {"uv": [0, 0, 0, 8], "texture": "#10"},
				"south": {"uv": [11, 8, 0, 16], "texture": "#10"},
				"west": {"uv": [0, 0, 0, 8], "texture": "#10"},
				"up": {"uv": [0, 11, 0, 0], "rotation": 90, "texture": "#10"},
				"down": {"uv": [0, 0, 0, 11], "rotation": 270, "texture": "#10"}
			}
		},
		{
			"from": [2.5, 12.75, 6.50625],
			"to": [13.5, 20.75, 6.50625],
			"rotation": {"angle": 0, "axis": "y", "origin": [8, 11.5, 8]},
			"faces": {
				"north": {"uv": [11, 0, 0, 8], "texture": "#3"},
				"east": {"uv": [0, 0, 0, 8], "texture": "#3"},
				"south": {"uv": [11, 8, 0, 16], "texture": "#3"},
				"west": {"uv": [0, 0, 0, 8], "texture": "#3"},
				"up": {"uv": [0, 11, 0, 0], "rotation": 90, "texture": "#3"},
				"down": {"uv": [0, 0, 0, 8], "rotation": 270, "texture": "#3"}
			}
		},
		{
			"from": [2.5, 12.75, 6.53125],
			"to": [13.5, 22.25, 16.53125],
			"rotation": {"angle": 0, "axis": "y", "origin": [8, 11.75, 8]},
			"faces": {
				"north": {"uv": [1.25, 2.75, 2.625, 4], "texture": "#4"},
				"east": {"uv": [2.625, 4, 3.875, 5.25], "texture": "#4"},
				"south": {"uv": [2.625, 2.75, 4, 4], "texture": "#4"},
				"west": {"uv": [4, 3.75, 5.25, 5], "texture": "#4"},
				"up": {"uv": [5.375, 1.25, 4, 0], "texture": "#4"},
				"down": {"uv": [2.625, 4, 1.25, 5.25], "texture": "#4"}
			}
		},
		{
			"from": [9, 17.25, 6.5],
			"to": [12, 20.25, 6.5],
			"rotation": {"angle": -22.5, "axis": "z", "origin": [10.5, 18.75, 6.5]},
			"faces": {
				"north": {"uv": [3.5, 7.5, 3.875, 7.875], "texture": "#4"},
				"east": {"uv": [0, 0, 0, 0.375], "texture": "#4"},
				"south": {"uv": [0.625, 7.75, 1, 8.125], "texture": "#4"},
				"west": {"uv": [0, 0, 0, 0.375], "texture": "#4"},
				"up": {"uv": [0.375, 0, 0, 0], "texture": "#4"},
				"down": {"uv": [0.375, 0, 0, 0], "texture": "#4"}
			}
		},
		{
			"from": [2.75, 0.05656, 5.50995],
			"to": [13.25, 6.05656, 14.50995],
			"rotation": {"angle": 0, "axis": "y", "origin": [8, 11.75, 8]},
			"faces": {
				"north": {"uv": [1.625, 6.375, 3, 7.125], "texture": "#4"},
				"east": {"uv": [6.75, 0, 7.875, 0.75], "texture": "#4"},
				"south": {"uv": [6.5, 1, 7.875, 1.75], "texture": "#4"},
				"west": {"uv": [6.875, 5.875, 8, 6.625], "texture": "#4"},
				"up": {"uv": [5.25, 6.125, 3.875, 5], "texture": "#4"},
				"down": {"uv": [2.625, 5.25, 1.25, 6.375], "texture": "#4"}
			}
		},
		{
			"from": [13.25, 0.05656, 5.50995],
			"to": [2.75, 6.05656, 14.50995],
			"rotation": {"angle": 0, "axis": "y", "origin": [8, 11.75, 8]},
			"faces": {
				"north": {"uv": [1.625, 6.375, 3, 7.125], "texture": "#4"},
				"east": {"uv": [6.75, 0, 7.875, 0.75], "texture": "#4"},
				"south": {"uv": [6.5, 1, 7.875, 1.75], "texture": "#4"},
				"west": {"uv": [6.875, 5.875, 8, 6.625], "texture": "#4"},
				"up": {"uv": [5.25, 6.125, 3.875, 5], "texture": "#4"},
				"down": {"uv": [2.625, 5.25, 1.25, 6.375], "texture": "#4"}
			}
		},
		{
			"from": [3.25, 0.55656, 3.50995],
			"to": [12.75, 5.55656, 12.50995],
			"rotation": {"angle": 0, "axis": "y", "origin": [8, 11.75, 7]},
			"faces": {
				"north": {"uv": [6.875, 6.625, 8.125, 7.25], "texture": "#4"},
				"east": {"uv": [8, 4.25, 9.125, 4.875], "texture": "#4"},
				"south": {"uv": [1.625, 7.125, 2.875, 7.75], "texture": "#4"},
				"west": {"uv": [8, 4.875, 9.125, 5.5], "texture": "#4"},
				"up": {"uv": [3.875, 6.375, 2.625, 5.25], "texture": "#4"},
				"down": {"uv": [6.5, 3.75, 5.25, 4.875], "texture": "#4"}
			}
		},
		{
			"from": [12.75, 0.55656, 3.50995],
			"to": [3.25, 5.55656, 12.50995],
			"rotation": {"angle": 0, "axis": "y", "origin": [17.5, 11.75, 7]},
			"faces": {
				"north": {"uv": [6.875, 6.625, 8.125, 7.25], "texture": "#4"},
				"east": {"uv": [8, 4.25, 9.125, 4.875], "texture": "#4"},
				"south": {"uv": [1.625, 7.125, 2.875, 7.75], "texture": "#4"},
				"west": {"uv": [8, 4.875, 9.125, 5.5], "texture": "#4"},
				"up": {"uv": [3.875, 6.375, 2.625, 5.25], "texture": "#4"},
				"down": {"uv": [6.5, 3.75, 5.25, 4.875], "texture": "#4"}
			}
		},
		{
			"from": [6.60519, 2.12195, 8.96875],
			"to": [11.35519, 11.62195, 13.96875],
			"rotation": {"angle": 45, "axis": "z", "origin": [8, 11.75, 8]},
			"faces": {
				"north": {"uv": [0, 6.625, 0.625, 7.875], "texture": "#4"},
				"east": {"uv": [5.125, 7, 5.75, 8.25], "texture": "#4"},
				"south": {"uv": [6.875, 7.25, 7.5, 8.5], "texture": "#4"},
				"west": {"uv": [7.5, 1.75, 8.125, 3], "texture": "#4"},
				"up": {"uv": [8.75, 8, 8.125, 7.375], "texture": "#4"},
				"down": {"uv": [8.75, 8, 8.125, 8.625], "texture": "#4"}
			}
		},
		{
			"from": [6.60519, 2.12195, 13.96875],
			"to": [11.35519, 11.62195, 8.96875],
			"rotation": {"angle": 45, "axis": "z", "origin": [8, 11.75, 3]},
			"faces": {
				"north": {"uv": [0, 6.625, 0.625, 7.875], "texture": "#4"},
				"east": {"uv": [5.125, 7, 5.75, 8.25], "texture": "#4"},
				"south": {"uv": [6.875, 7.25, 7.5, 8.5], "texture": "#4"},
				"west": {"uv": [7.5, 1.75, 8.125, 3], "texture": "#4"},
				"up": {"uv": [8.75, 8, 8.125, 7.375], "texture": "#4"},
				"down": {"uv": [8.75, 8, 8.125, 8.625], "texture": "#4"}
			}
		},
		{
			"from": [6.85519, 1.12195, 9.21875],
			"to": [11.10519, 11.37195, 13.71875],
			"rotation": {"angle": 45, "axis": "z", "origin": [8, 11.75, 8]},
			"faces": {
				"north": {"uv": [6.375, 7.625, 6.875, 8.875], "texture": "#4"},
				"east": {"uv": [2.875, 7.5, 3.5, 8.75], "texture": "#4"},
				"south": {"uv": [8.125, 1.25, 8.625, 2.5], "texture": "#4"},
				"west": {"uv": [7.5, 3, 8.125, 4.25], "texture": "#4"},
				"up": {"uv": [6.25, 7.625, 5.75, 7], "texture": "#4"},
				"down": {"uv": [9, 0.625, 8.5, 1.25], "texture": "#4"}
			}
		},
		{
			"from": [4.64481, 2.12195, 8.96875],
			"to": [9.39481, 11.62195, 13.96875],
			"rotation": {"angle": -45, "axis": "z", "origin": [8, 11.75, 8]},
			"faces": {
				"north": {"uv": [7.5, 7.25, 8.125, 8.5], "texture": "#4"},
				"east": {"uv": [5.75, 7.625, 6.375, 8.875], "texture": "#4"},
				"south": {"uv": [1.625, 7.75, 2.25, 9], "texture": "#4"},
				"west": {"uv": [2.25, 7.75, 2.875, 9], "texture": "#4"},
				"up": {"uv": [5.375, 8.875, 4.75, 8.25], "texture": "#4"},
				"down": {"uv": [9.125, 0, 8.5, 0.625], "texture": "#4"}
			}
		},
		{
			"from": [4.64481, 2.12195, 13.96875],
			"to": [9.39481, 11.62195, 8.96875],
			"rotation": {"angle": -45, "axis": "z", "origin": [8, 11.75, 3]},
			"faces": {
				"north": {"uv": [7.5, 7.25, 8.125, 8.5], "texture": "#4"},
				"east": {"uv": [5.75, 7.625, 6.375, 8.875], "texture": "#4"},
				"south": {"uv": [1.625, 7.75, 2.25, 9], "texture": "#4"},
				"west": {"uv": [2.25, 7.75, 2.875, 9], "texture": "#4"},
				"up": {"uv": [5.375, 8.875, 4.75, 8.25], "texture": "#4"},
				"down": {"uv": [9.125, 0, 8.5, 0.625], "texture": "#4"}
			}
		},
		{
			"from": [4.89481, 1.12195, 9.21875],
			"to": [9.14481, 11.37195, 13.71875],
			"rotation": {"angle": -45, "axis": "z", "origin": [8, 11.75, 8]},
			"faces": {
				"north": {"uv": [8.125, 2.5, 8.625, 3.75], "texture": "#4"},
				"east": {"uv": [0, 7.875, 0.625, 9.125], "texture": "#4"},
				"south": {"uv": [8.125, 6.125, 8.625, 7.375], "texture": "#4"},
				"west": {"uv": [7.875, 0, 8.5, 1.25], "texture": "#4"},
				"up": {"uv": [9.125, 1.875, 8.625, 1.25], "texture": "#4"},
				"down": {"uv": [9.125, 1.875, 8.625, 2.5], "texture": "#4"}
			}
		},
		{
			"from": [4, 3.75, 7.96875],
			"to": [12, 12.75, 14.96875],
			"rotation": {"angle": 0, "axis": "y", "origin": [8, 11.75, 23]},
			"faces": {
				"north": {"uv": [0, 5.5, 1, 6.625], "texture": "#4"},
				"east": {"uv": [3, 6.375, 3.875, 7.5], "texture": "#4"},
				"south": {"uv": [5.25, 5.875, 6.25, 7], "texture": "#4"},
				"west": {"uv": [6.5, 1.75, 7.375, 2.875], "texture": "#4"},
				"up": {"uv": [7.5, 3.75, 6.5, 2.875], "texture": "#4"},
				"down": {"uv": [7.5, 3.75, 6.5, 4.625], "texture": "#4"}
			}
		},
		{
			"from": [2.75, 8, 7.75],
			"to": [13.25, 13, 15.25],
			"rotation": {"angle": 0, "axis": "y", "origin": [0, 0, 15]},
			"faces": {
				"north": {"uv": [6.625, 4.625, 8, 5.25], "texture": "#4"},
				"east": {"uv": [8, 5.5, 9, 6.125], "texture": "#4"},
				"south": {"uv": [6.625, 5.25, 8, 5.875], "texture": "#4"},
				"west": {"uv": [0.625, 8.125, 1.625, 8.75], "texture": "#4"},
				"up": {"uv": [6.625, 5.875, 5.25, 4.875], "texture": "#4"},
				"down": {"uv": [6.75, 0, 5.375, 1], "texture": "#4"}
			}
		},
		{
			"from": [3.3, 21.5, 7.4],
			"to": [12.75, 23.5, 16],
			"rotation": {"angle": 0, "axis": "y", "origin": [4, 21.5, 7]},
			"faces": {
				"north": {"uv": [5.375, 3.25, 6.5, 3.5], "texture": "#4"},
				"east": {"uv": [5.375, 3.5, 6.5, 3.75], "texture": "#4"},
				"south": {"uv": [6.75, 0.75, 7.875, 1], "texture": "#4"},
				"west": {"uv": [8.125, 3.75, 9.25, 4], "texture": "#4"},
				"up": {"uv": [6.5, 2.125, 5.375, 1], "texture": "#4"},
				"down": {"uv": [6.5, 2.125, 5.375, 3.25], "texture": "#4"}
			}
		},
		{
			"from": [2.3, 0.55, 6.33125],
			"to": [13.7, 22.45, 16.73125],
			"rotation": {"angle": 0, "axis": "y", "origin": [8, 11.75, 8]},
			"faces": {
				"north": {"uv": [0, 0, 1.375, 2.75], "texture": "#4"},
				"east": {"uv": [0, 2.75, 1.25, 5.5], "texture": "#4"},
				"south": {"uv": [1.375, 0, 2.75, 2.75], "texture": "#4"},
				"west": {"uv": [2.75, 0, 4, 2.75], "texture": "#4"},
				"up": {"uv": [5.375, 2.5, 4, 1.25], "texture": "#4"},
				"down": {"uv": [5.375, 2.5, 4, 3.75], "texture": "#4"}
			}
		},
		{
			"from": [0.5, 7, 8],
			"to": [5.5, 21, 8],
			"rotation": {"angle": 45, "axis": "y", "origin": [2.5, 15.5, 8]},
			"faces": {
				"north": {"uv": [6.25, 5.875, 6.875, 7.625], "texture": "#4"},
				"east": {"uv": [0, 0, 0, 1.75], "texture": "#4"},
				"south": {"uv": [1, 6.375, 1.625, 8.125], "texture": "#4"},
				"west": {"uv": [0, 0, 0, 1.75], "texture": "#4"},
				"up": {"uv": [0.625, 0, 0, 0], "texture": "#4"},
				"down": {"uv": [0.625, 0, 0, 0], "texture": "#4"}
			}
		},
		{
			"from": [10.5, 7, 8],
			"to": [15.5, 21, 8],
			"rotation": {"angle": -45, "axis": "y", "origin": [13.5, 15.5, 8]},
			"faces": {
				"north": {"uv": [3.875, 6.125, 4.5, 7.875], "texture": "#4"},
				"east": {"uv": [0, 0, 0, 1.75], "texture": "#4"},
				"south": {"uv": [4.5, 6.125, 5.125, 7.875], "texture": "#4"},
				"west": {"uv": [0, 0, 0, 1.75], "texture": "#4"},
				"up": {"uv": [0.625, 0, 0, 0], "texture": "#4"},
				"down": {"uv": [0.625, 0, 0, 0], "texture": "#4"}
			}
		},
		{
			"from": [13.1, 12, 6.75],
			"to": [15.1, 21.25, 6.75],
			"rotation": {"angle": -22.5, "axis": "y", "origin": [14, 17, 6.75]},
			"faces": {
				"north": {"uv": [0.625, 6.625, 0.875, 7.75], "texture": "#4"},
				"east": {"uv": [0, 0, 0, 1.125], "texture": "#4"},
				"south": {"uv": [5.375, 8.25, 5.625, 9.375], "texture": "#4"},
				"west": {"uv": [0, 0, 0, 1.125], "texture": "#4"},
				"up": {"uv": [0.25, 0, 0, 0], "texture": "#4"},
				"down": {"uv": [0.25, 0, 0, 0], "texture": "#4"}
			}
		},
		{
			"from": [0.9, 12, 6.75],
			"to": [2.9, 21.25, 6.75],
			"rotation": {"angle": 22.5, "axis": "y", "origin": [2, 17, 6.75]},
			"faces": {
				"north": {"uv": [5.375, 8.25, 5.625, 9.375], "texture": "#4"},
				"east": {"uv": [0, 0, 0, 1.125], "texture": "#4"},
				"south": {"uv": [0.625, 6.625, 0.875, 7.75], "texture": "#4"},
				"west": {"uv": [0, 0, 0, 1.125], "texture": "#4"},
				"up": {"uv": [0.25, 0, 0, 0], "texture": "#4"},
				"down": {"uv": [0.25, 0, 0, 0], "texture": "#4"}
			}
		},
		{
			"from": [1.5, 21, 10],
			"to": [4.5, 24, 14],
			"rotation": {"angle": 22.5, "axis": "z", "origin": [4.5, 21, 11]},
			"faces": {
				"north": {"uv": [13.75, 0, 14.125, 0.375], "rotation": 90, "texture": "#4"},
				"east": {"uv": [13, 0, 13.375, 0.5], "rotation": 270, "texture": "#4"},
				"south": {"uv": [13.375, 0, 13.75, 0.375], "rotation": 270, "texture": "#4"},
				"west": {"uv": [12.625, 0, 13, 0.5], "rotation": 270, "texture": "#4"},
				"up": {"uv": [12.125, 0, 12.625, 0.375], "rotation": 270, "texture": "#4"},
				"down": {"uv": [11.625, 0, 12.125, 0.375], "rotation": 270, "texture": "#4"}
			}
		},
		{
			"from": [11.25, 19.75, 10],
			"to": [14.25, 22.75, 14],
			"rotation": {"angle": -22.5, "axis": "z", "origin": [14.25, 19.75, 11]},
			"faces": {
				"north": {"uv": [11.25, 0, 11.625, 0.375], "rotation": 90, "texture": "#4"},
				"east": {"uv": [10.875, 0, 11.25, 0.5], "rotation": 270, "texture": "#4"},
				"south": {"uv": [10.5, 0, 10.875, 0.375], "rotation": 270, "texture": "#4"},
				"west": {"uv": [10.125, 0, 10.5, 0.5], "rotation": 270, "texture": "#4"},
				"up": {"uv": [9.625, 0, 10.125, 0.375], "rotation": 270, "texture": "#4"},
				"down": {"uv": [9.125, 0, 9.625, 0.375], "rotation": 270, "texture": "#4"}
			}
		},
		{
			"from": [12.75699, 2.8897, 2.46875],
			"to": [16.75699, 8.8897, 5.46875],
			"rotation": {"angle": -22.5, "axis": "z", "origin": [8, 11.75, 8]},
			"faces": {
				"north": {"uv": [3.5, 8.5, 4, 9.25], "texture": "#4"},
				"east": {"uv": [8.625, 2.5, 9, 3.25], "texture": "#4"},
				"south": {"uv": [4, 8.5, 4.5, 9.25], "texture": "#4"},
				"west": {"uv": [8.625, 6.125, 9, 6.875], "texture": "#4"},
				"up": {"uv": [8, 4.625, 7.5, 4.25], "texture": "#4"},
				"down": {"uv": [9.125, 3.25, 8.625, 3.625], "texture": "#4"}
			}
		},
		{
			"from": [-0.75699, 2.8897, 2.46875],
			"to": [3.24301, 8.8897, 5.46875],
			"rotation": {"angle": 22.5, "axis": "z", "origin": [8, 11.75, 8]},
			"faces": {
				"north": {"uv": [6.875, 8.5, 7.375, 9.25], "texture": "#4"},
				"east": {"uv": [7.875, 8.625, 8.25, 9.375], "texture": "#4"},
				"south": {"uv": [7.375, 8.5, 7.875, 9.25], "texture": "#4"},
				"west": {"uv": [8.25, 8.625, 8.625, 9.375], "texture": "#4"},
				"up": {"uv": [9.125, 7.25, 8.625, 6.875], "texture": "#4"},
				"down": {"uv": [9.125, 8.625, 8.625, 9], "texture": "#4"}
			}
		},
		{
			"from": [3.25, 0.5, 5.96875],
			"to": [12.75, 5.5, 5.96875],
			"rotation": {"angle": 0, "axis": "y", "origin": [8, 11.75, 8]},
			"faces": {
				"north": {"uv": [3.5, 7.875, 4.75, 8.5], "texture": "#4"},
				"south": {"uv": [3.5, 7.875, 4.75, 8.5], "texture": "#4"}
			}
		},
		{
			"name": "cube_outline",
			"from": [14.1, 22.85, 17.13125],
			"to": [1.9, 12.15, 5.93125],
			"rotation": {"angle": 0, "axis": "y", "origin": [8, 11.75, 8]},
			"faces": {
				"north": {"uv": [1.75, 11.125, 3.125, 12.375], "rotation": 180, "texture": "#4"},
				"east": {"uv": [1.875, 9.875, 3.125, 11.125], "rotation": 180, "texture": "#4"},
				"south": {"uv": [3.125, 9.875, 4.5, 11.125], "rotation": 180, "texture": "#4"},
				"west": {"uv": [3.125, 11.125, 4.375, 12.375], "rotation": 180, "texture": "#4"},
				"up": {"uv": [3.125, 12.375, 1.75, 13.625], "rotation": 180, "texture": "#4"},
				"down": {"uv": [4.5, 13.625, 3.125, 12.375], "rotation": 180, "texture": "#4"}
			}
		},
		{
			"name": "cube_outline",
			"from": [5.1, 24.6, 14.6],
			"to": [0.9, 20.4, 9.4],
			"rotation": {"angle": 22.5, "axis": "z", "origin": [4.5, 21, 11]},
			"faces": {
				"north": {"uv": [13.25, 0.75, 13.625, 1.125], "rotation": 180, "texture": "#4"},
				"east": {"uv": [12.5, 0.75, 12.875, 1.25], "rotation": 180, "texture": "#4"},
				"south": {"uv": [13.75, 0.75, 14.125, 1.125], "rotation": 180, "texture": "#4"},
				"west": {"uv": [12.875, 0.75, 13.25, 1.25], "rotation": 180, "texture": "#4"},
				"up": {"uv": [11.5, 0.75, 12, 1.125], "rotation": 180, "texture": "#4"},
				"down": {"uv": [12, 0.875, 12.5, 1.25], "rotation": 180, "texture": "#4"}
			}
		},
		{
			"name": "cube_outline",
			"from": [14.85, 23.35, 14.6],
			"to": [10.65, 19.15, 9.4],
			"rotation": {"angle": -22.5, "axis": "z", "origin": [14.25, 19.75, 11]},
			"faces": {
				"north": {"uv": [10.75, 2.25, 11.125, 2.625], "rotation": 180, "texture": "#4"},
				"east": {"uv": [10.625, 3.25, 11, 3.75], "rotation": 180, "texture": "#4"},
				"south": {"uv": [11.5, 4.625, 11.875, 5], "rotation": 180, "texture": "#4"},
				"west": {"uv": [12.375, 1.875, 12.75, 2.375], "rotation": 180, "texture": "#4"},
				"up": {"uv": [13.75, 3.375, 14.25, 3.75], "rotation": 180, "texture": "#4"},
				"down": {"uv": [9.625, 1.875, 10.125, 2.25], "rotation": 180, "texture": "#4"}
			}
		},
		{
			"name": "cube_outline",
			"from": [12.6, 13.35, 15.56875],
			"to": [3.4, 3.15, 7.36875],
			"rotation": {"angle": 0, "axis": "y", "origin": [8, 11.75, 23]},
			"faces": {
				"north": {"uv": [10.25, 6.5, 11.25, 7.625], "rotation": 180, "texture": "#4"},
				"east": {"uv": [11.25, 2.5, 12.125, 3.625], "rotation": 180, "texture": "#4"},
				"south": {"uv": [12.625, 11.75, 13.625, 12.875], "rotation": 180, "texture": "#4"},
				"west": {"uv": [9.625, 9.5, 10.5, 10.625], "rotation": 180, "texture": "#4"},
				"up": {"uv": [15.25, 4.375, 14.25, 5.25], "rotation": 180, "texture": "#4"},
				"down": {"uv": [14.125, 6.75, 13.125, 5.875], "rotation": 180, "texture": "#4"}
			}
		},
		{
			"name": "cube_outline",
			"from": [17.35699, 9.4897, 6.06875],
			"to": [12.15699, 2.2897, 1.86875],
			"rotation": {"angle": -22.5, "axis": "z", "origin": [8, 11.75, 8]},
			"faces": {
				"north": {"uv": [14.5, 10.125, 15, 10.875], "rotation": 180, "texture": "#4"},
				"east": {"uv": [13.125, 7.625, 13.5, 8.375], "rotation": 180, "texture": "#4"},
				"south": {"uv": [13.375, 8.625, 13.875, 9.375], "rotation": 180, "texture": "#4"},
				"west": {"uv": [12.375, 5.25, 12.75, 6], "rotation": 180, "texture": "#4"},
				"up": {"uv": [13.25, 4.875, 12.75, 5.25], "rotation": 180, "texture": "#4"},
				"down": {"uv": [12.375, 6.125, 11.875, 5.75], "rotation": 180, "texture": "#4"}
			}
		},
		{
			"name": "cube_outline",
			"from": [3.84301, 9.4897, 6.06875],
			"to": [-1.35699, 2.2897, 1.86875],
			"rotation": {"angle": 22.5, "axis": "z", "origin": [8, 11.75, 8]},
			"faces": {
				"north": {"uv": [11.375, 8.625, 11.875, 9.375], "rotation": 180, "texture": "#4"},
				"east": {"uv": [12.125, 8.625, 12.5, 9.375], "rotation": 180, "texture": "#4"},
				"south": {"uv": [12, 10.125, 12.5, 10.875], "rotation": 180, "texture": "#4"},
				"west": {"uv": [13.375, 9.875, 13.75, 10.625], "rotation": 180, "texture": "#4"},
				"up": {"uv": [11.5, 9.875, 11, 10.25], "rotation": 180, "texture": "#4"},
				"down": {"uv": [15, 8.875, 14.5, 8.5], "rotation": 180, "texture": "#4"}
			}
		},
		{
			"name": "cube_outline",
			"from": [13.35, 6.1, 6.56875],
			"to": [2.65, -0.1, 5.36875],
			"rotation": {"angle": 0, "axis": "y", "origin": [8, 11.75, 8]},
			"faces": {
				"north": {"uv": [6.625, 10.875, 7.875, 11.5], "rotation": 180, "texture": "#4"},
				"south": {"uv": [9.375, 12, 10.625, 12.625], "rotation": 180, "texture": "#4"}
			}
		},
		{
			"name": "cube_outline",
			"from": [11.70519, 11.97195, 14.31875],
			"to": [6.25519, 0.52195, 8.61875],
			"rotation": {"angle": 45, "axis": "z", "origin": [8, 11.75, 8]},
			"faces": {
				"north": {"uv": [11.375, 5.125, 11.875, 6.375], "rotation": 180, "texture": "#4"},
				"east": {"uv": [14.25, 7.125, 14.875, 8.375], "rotation": 180, "texture": "#4"},
				"south": {"uv": [5.625, 11.125, 6.125, 12.375], "rotation": 180, "texture": "#4"},
				"west": {"uv": [12.5, 6.375, 13.125, 7.625], "rotation": 180, "texture": "#4"},
				"up": {"uv": [12.125, 7, 11.625, 7.625], "rotation": 180, "texture": "#4"},
				"down": {"uv": [11.125, 8.5, 10.625, 7.875], "rotation": 180, "texture": "#4"}
			}
		},
		{
			"name": "cube_outline",
			"from": [9.74481, 11.97195, 14.31875],
			"to": [4.29481, 0.52195, 8.61875],
			"rotation": {"angle": -45, "axis": "z", "origin": [8, 11.75, 8]},
			"faces": {
				"north": {"uv": [8.375, 11.125, 8.875, 12.375], "rotation": 180, "texture": "#4"},
				"east": {"uv": [10, 4.5, 10.625, 5.75], "rotation": 180, "texture": "#4"},
				"south": {"uv": [13, 3.125, 13.5, 4.375], "rotation": 180, "texture": "#4"},
				"west": {"uv": [10.5, 10.5, 11.125, 11.75], "rotation": 180, "texture": "#4"},
				"up": {"uv": [14.125, 5, 13.625, 5.625], "rotation": 180, "texture": "#4"},
				"down": {"uv": [14.875, 3.625, 14.375, 3], "rotation": 180, "texture": "#4"}
			}
		},
		{
			"name": "cube_outline",
			"from": [13.35, 24.1, 16.6],
			"to": [2.7, 20.9, 6.8],
			"rotation": {"angle": 0, "axis": "y", "origin": [4, 21.5, 7]},
			"faces": {
				"north": {"uv": [4.5, 13, 5.625, 13.25], "rotation": 180, "texture": "#4"},
				"east": {"uv": [5.875, 13, 7, 13.25], "rotation": 180, "texture": "#4"},
				"south": {"uv": [7.375, 13.5, 8.5, 13.75], "rotation": 180, "texture": "#4"},
				"west": {"uv": [8.75, 13.625, 9.875, 13.875], "rotation": 180, "texture": "#4"},
				"up": {"uv": [12.625, 13.875, 11.5, 15], "rotation": 180, "texture": "#4"},
				"down": {"uv": [14.125, 15.125, 13, 14], "rotation": 180, "texture": "#4"}
			}
		}
	],
	"display": {
		"thirdperson_righthand": {
			"rotation": [75, 45, 0],
			"translation": [0, 2.5, 0],
			"scale": [0.375, 0.375, 0.375]
		},
		"thirdperson_lefthand": {
			"rotation": [75, 45, 0],
			"translation": [0, 2.5, 0],
			"scale": [0.375, 0.375, 0.375]
		},
		"firstperson_righthand": {
			"rotation": [0, 113, 0],
			"translation": [-1, 0, 0],
			"scale": [0.64, 0.64, 0.64]
		},
		"firstperson_lefthand": {
			"rotation": [0, 113, 0],
			"translation": [-1, 0, 0],
			"scale": [0.64, 0.64, 0.64]
		},
		"ground": {
			"translation": [0, 3, 0],
			"scale": [0.25, 0.25, 0.25]
		},
		"gui": {
			"rotation": [30, -135, 0],
			"translation": [0, -2, 0],
			"scale": [0.56, 0.56, 0.56]
		},
		"head": {
			"translation": [0, 13.75, -1.5]
		},
		"fixed": {
			"rotation": [-90, 0, 0],
			"translation": [0, -1.75, -11],
			"scale": [1.4, 1.4, 1.4]
		}
	},
	"groups": [
		{
			"name": "group",
			"origin": [-1.28125, -4, -0.5],
			"color": 0,
			"children": [
				{
					"name": "face",
					"origin": [-1.28125, -4, -0.5],
					"color": 0,
					"children": [0, 1]
				},
				{
					"name": "head",
					"origin": [8, 11.75, 8],
					"color": 0,
					"children": [2, 3]
				},
				{
					"name": "leg",
					"origin": [10.49005, 2.30656, 6],
					"color": 0,
					"children": [
						4,
						5,
						{
							"name": "group",
							"origin": [10.49005, 2.30656, 6],
							"color": 0,
							"children": [6, 7]
						}
					]
				},
				{
					"name": "arm",
					"origin": [7, 12.25, -7.25],
					"color": 0,
					"children": [
						{
							"name": "group",
							"origin": [7.53125, 6.18313, 4.21116],
							"color": 0,
							"children": [8, 9, 10]
						},
						{
							"name": "group",
							"origin": [7.53125, 6.18313, 4.21116],
							"color": 0,
							"children": [11, 12, 13]
						}
					]
				},
				{
					"name": "body",
					"origin": [7, 12.25, -7.25],
					"color": 0,
					"children": [14, 15]
				},
				{
					"name": "hair",
					"origin": [7.53125, 6.18313, 4.21116],
					"color": 0,
					"children": [
						16,
						17,
						{
							"name": "side",
							"origin": [7.53125, 6.18313, 4.21116],
							"color": 0,
							"children": [18, 19, 20, 21]
						},
						{
							"name": "custom",
							"origin": [7.53125, 6.18313, 4.21116],
							"color": 0,
							"children": [22, 23]
						}
					]
				},
				{
					"name": "foot",
					"origin": [8, 11.75, 8],
					"color": 0,
					"children": [24, 25, 26]
				}
			]
		},
		{
			"name": "group",
			"origin": [8, 11.75, 8],
			"color": 0,
			"children": [27, 28, 29, 30, 31, 32, 33, 34, 35]
		},
		36
	]
}