{
	"format_version": "1.21.6",
	"credit": "Made with Blockbench",
	"texture_size": [32, 32],
	"textures": {
		"0": "item/linganmushroom6",
		"particle": "item/linganmushroom6"
	},
	"elements": [
		{
			"from": [7, 0, 7],
			"to": [10, 5, 10],
			"rotation": {"angle": 0, "axis": "y", "origin": [7, 0, 7]},
			"faces": {
				"north": {"uv": [0, 5, 1.5, 7.5], "texture": "#0"},
				"east": {"uv": [5, 0, 6.5, 2.5], "texture": "#0"},
				"south": {"uv": [1.5, 5, 3, 7.5], "texture": "#0"},
				"west": {"uv": [5, 2.5, 6.5, 5], "texture": "#0"},
				"up": {"uv": [11.5, 8.5, 10, 7], "texture": "#0"},
				"down": {"uv": [11.5, 8.5, 10, 10], "texture": "#0"}
			}
		},
		{
			"from": [6, 4, 6],
			"to": [11, 6, 11],
			"rotation": {"angle": 0, "axis": "y", "origin": [7, 4, 7]},
			"faces": {
				"north": {"uv": [0, 7.5, 2.5, 8.5], "texture": "#0"},
				"east": {"uv": [2.5, 7.5, 5, 8.5], "texture": "#0"},
				"south": {"uv": [7.5, 4.5, 10, 5.5], "texture": "#0"},
				"west": {"uv": [5, 7.5, 7.5, 8.5], "texture": "#0"},
				"up": {"uv": [2.5, 2.5, 0, 0], "texture": "#0"},
				"down": {"uv": [2.5, 2.5, 0, 5], "texture": "#0"}
			}
		},
		{
			"from": [11, 3, 6],
			"to": [12, 5, 11],
			"rotation": {"angle": 0, "axis": "y", "origin": [13, 3, 7]},
			"faces": {
				"north": {"uv": [9, 10.5, 9.5, 11.5], "texture": "#0"},
				"east": {"uv": [7.5, 5.5, 10, 6.5], "texture": "#0"},
				"south": {"uv": [9.5, 10.5, 10, 11.5], "texture": "#0"},
				"west": {"uv": [7.5, 6.5, 10, 7.5], "texture": "#0"},
				"up": {"uv": [3, 13, 2.5, 10.5], "texture": "#0"},
				"down": {"uv": [3.5, 10.5, 3, 13], "texture": "#0"}
			}
		},
		{
			"from": [6, 3, 11],
			"to": [11, 5, 12],
			"rotation": {"angle": 0, "axis": "y", "origin": [8, 3, 10]},
			"faces": {
				"north": {"uv": [7.5, 7.5, 10, 8.5], "texture": "#0"},
				"east": {"uv": [11.5, 3, 12, 4], "texture": "#0"},
				"south": {"uv": [8, 0, 10.5, 1], "texture": "#0"},
				"west": {"uv": [5.5, 11.5, 6, 12.5], "texture": "#0"},
				"up": {"uv": [13, 0.5, 10.5, 0], "texture": "#0"},
				"down": {"uv": [13, 0.5, 10.5, 1], "texture": "#0"}
			}
		},
		{
			"from": [6, 3, 5],
			"to": [11, 5, 6],
			"rotation": {"angle": 0, "axis": "y", "origin": [8, 3, 4]},
			"faces": {
				"north": {"uv": [8, 1, 10.5, 2], "texture": "#0"},
				"east": {"uv": [6, 11.5, 6.5, 12.5], "texture": "#0"},
				"south": {"uv": [0, 8.5, 2.5, 9.5], "texture": "#0"},
				"west": {"uv": [6.5, 11.5, 7, 12.5], "texture": "#0"},
				"up": {"uv": [13, 1.5, 10.5, 1], "texture": "#0"},
				"down": {"uv": [13, 1.5, 10.5, 2], "texture": "#0"}
			}
		},
		{
			"from": [5, 3, 6],
			"to": [6, 5, 11],
			"rotation": {"angle": 0, "axis": "y", "origin": [3, 3, 6]},
			"faces": {
				"north": {"uv": [7, 11.5, 7.5, 12.5], "texture": "#0"},
				"east": {"uv": [2.5, 8.5, 5, 9.5], "texture": "#0"},
				"south": {"uv": [11.5, 7, 12, 8], "texture": "#0"},
				"west": {"uv": [5, 8.5, 7.5, 9.5], "texture": "#0"},
				"up": {"uv": [4, 13, 3.5, 10.5], "texture": "#0"},
				"down": {"uv": [4.5, 10.5, 4, 13], "texture": "#0"}
			}
		},
		{
			"name": "cube_outline",
			"from": [12.6, 5.6, 11.6],
			"to": [10.4, 2.4, 5.4],
			"rotation": {"angle": 0, "axis": "y", "origin": [13, 3, 7]},
			"faces": {
				"north": {"uv": [7.5, 11.5, 8, 12.5], "texture": "#0"},
				"east": {"uv": [7.5, 8.5, 10, 9.5], "texture": "#0"},
				"south": {"uv": [8, 11.5, 8.5, 12.5], "texture": "#0"},
				"west": {"uv": [9, 2, 11.5, 3], "texture": "#0"},
				"up": {"uv": [5, 13, 4.5, 10.5], "texture": "#0"},
				"down": {"uv": [5.5, 10.5, 5, 13], "texture": "#0"}
			}
		},
		{
			"name": "cube_outline",
			"from": [10.6, 5.6, 10.6],
			"to": [6.4, -0.6, 6.4],
			"rotation": {"angle": 0, "axis": "y", "origin": [7, 0, 7]},
			"faces": {
				"north": {"uv": [3, 5, 4.5, 7.5], "texture": "#0"},
				"east": {"uv": [4.5, 5, 6, 7.5], "texture": "#0"},
				"south": {"uv": [6, 5, 7.5, 7.5], "texture": "#0"},
				"west": {"uv": [6.5, 0, 8, 2.5], "texture": "#0"},
				"up": {"uv": [11.5, 11.5, 10, 10], "texture": "#0"},
				"down": {"uv": [1.5, 10.5, 0, 12], "texture": "#0"}
			}
		},
		{
			"name": "cube_outline",
			"from": [11.6, 6.6, 11.6],
			"to": [5.4, 3.4, 5.4],
			"rotation": {"angle": 0, "axis": "y", "origin": [7, 4, 7]},
			"faces": {
				"north": {"uv": [9, 3, 11.5, 4], "texture": "#0"},
				"east": {"uv": [0, 9.5, 2.5, 10.5], "texture": "#0"},
				"south": {"uv": [2.5, 9.5, 5, 10.5], "texture": "#0"},
				"west": {"uv": [5, 9.5, 7.5, 10.5], "texture": "#0"},
				"up": {"uv": [5, 2.5, 2.5, 0], "texture": "#0"},
				"down": {"uv": [5, 2.5, 2.5, 5], "texture": "#0"}
			}
		},
		{
			"name": "cube_outline",
			"from": [11.6, 5.6, 12.6],
			"to": [5.4, 2.4, 10.4],
			"rotation": {"angle": 0, "axis": "y", "origin": [8, 3, 10]},
			"faces": {
				"north": {"uv": [7.5, 9.5, 10, 10.5], "texture": "#0"},
				"east": {"uv": [11.5, 8, 12, 9], "texture": "#0"},
				"south": {"uv": [10, 4, 12.5, 5], "texture": "#0"},
				"west": {"uv": [8.5, 11.5, 9, 12.5], "texture": "#0"},
				"up": {"uv": [8, 11, 5.5, 10.5], "texture": "#0"},
				"down": {"uv": [8, 11, 5.5, 11.5], "texture": "#0"}
			}
		},
		{
			"name": "cube_outline",
			"from": [11.6, 5.6, 6.6],
			"to": [5.4, 2.4, 4.4],
			"rotation": {"angle": 0, "axis": "y", "origin": [8, 3, 4]},
			"faces": {
				"north": {"uv": [10, 5, 12.5, 6], "texture": "#0"},
				"east": {"uv": [9, 11.5, 9.5, 12.5], "texture": "#0"},
				"south": {"uv": [10, 6, 12.5, 7], "texture": "#0"},
				"west": {"uv": [11.5, 9, 12, 10], "texture": "#0"},
				"up": {"uv": [14, 2.5, 11.5, 2], "texture": "#0"},
				"down": {"uv": [14, 2.5, 11.5, 3], "texture": "#0"}
			}
		},
		{
			"name": "cube_outline",
			"from": [6.6, 5.6, 11.6],
			"to": [4.4, 2.4, 5.4],
			"rotation": {"angle": 0, "axis": "y", "origin": [3, 3, 6]},
			"faces": {
				"north": {"uv": [8, 10.5, 8.5, 11.5], "texture": "#0"},
				"east": {"uv": [6.5, 2.5, 9, 3.5], "texture": "#0"},
				"south": {"uv": [8.5, 10.5, 9, 11.5], "texture": "#0"},
				"west": {"uv": [6.5, 3.5, 9, 4.5], "texture": "#0"},
				"up": {"uv": [2, 13, 1.5, 10.5], "texture": "#0"},
				"down": {"uv": [2.5, 10.5, 2, 13], "texture": "#0"}
			}
		}
	],
	"display": {
		"thirdperson_righthand": {
			"translation": [0, 2.75, 0],
			"scale": [0.4, 0.4, 0.4]
		},
		"thirdperson_lefthand": {
			"translation": [0, 3.25, 0],
			"scale": [0.4, 0.4, 0.4]
		},
		"firstperson_righthand": {
			"rotation": [-16, 26, 0],
			"translation": [0, 7.5, -2.25]
		},
		"firstperson_lefthand": {
			"rotation": [-20, 0, 0],
			"translation": [0, 5.5, -2.5]
		},
		"ground": {
			"translation": [0, 4.25, 0],
			"scale": [0.4, 0.4, 0.4]
		},
		"gui": {
			"rotation": [21, -12, 0],
			"translation": [-0.5, 5.5, 0],
			"scale": [1.2, 1.2, 1.2]
		},
		"head": {
			"translation": [0, 14, 0]
		},
		"fixed": {
			"rotation": [-10, 29, 0],
			"translation": [0, 4.5, -3.75]
		},
		"on_shelf": {
			"translation": [0, -3.75, 7.5],
			"scale": [2, 2, 2]
		}
	},
	"groups": [
		{
			"name": "group",
			"origin": [8, 8, 8],
			"color": 0,
			"children": [
				0,
				1,
				2,
				3,
				4,
				5,
				{
					"name": "group",
					"origin": [8, 8, 8],
					"color": 0,
					"children": [6, 7, 8, 9, 10, 11]
				}
			]
		}
	]
}