{
	"format_version": "1.21.6",
	"credit": "Made with Blockbench",
	"texture_size": [32, 32],
	"textures": {
		"0": "item/mixue",
		"particle": "item/mixue"
	},
	"elements": [
		{
			"from": [5.5, 0, 6.5],
			"to": [9.5, 4, 10.5],
			"rotation": {"angle": 0, "axis": "y", "origin": [6.5, 0, 7.5]},
			"faces": {
				"north": {"uv": [6.5, 11, 8.5, 13], "texture": "#0"},
				"east": {"uv": [0, 11.5, 2, 13.5], "texture": "#0"},
				"south": {"uv": [2, 11.5, 4, 13.5], "texture": "#0"},
				"west": {"uv": [11.5, 4, 13.5, 6], "texture": "#0"},
				"up": {"uv": [14, 2, 12, 0], "texture": "#0"},
				"down": {"uv": [14, 2, 12, 4], "texture": "#0"}
			}
		},
		{
			"from": [5, 4, 6],
			"to": [10, 8, 11],
			"rotation": {"angle": 0, "axis": "y", "origin": [6, 4, 9]},
			"faces": {
				"north": {"uv": [7.5, 9, 10, 11], "texture": "#0"},
				"east": {"uv": [0, 9.5, 2.5, 11.5], "texture": "#0"},
				"south": {"uv": [9.5, 0, 12, 2], "texture": "#0"},
				"west": {"uv": [9.5, 2, 12, 4], "texture": "#0"},
				"up": {"uv": [5, 9.5, 2.5, 7], "texture": "#0"},
				"down": {"uv": [9.5, 2.5, 7, 5], "texture": "#0"}
			}
		},
		{
			"from": [4, 8, 5],
			"to": [11, 8, 12],
			"rotation": {"angle": 0, "axis": "y", "origin": [4, 7, 6]},
			"faces": {
				"north": {"uv": [12, 8, 15.5, 8.5], "texture": "#0"},
				"east": {"uv": [8.5, 12, 12, 12.5], "texture": "#0"},
				"south": {"uv": [12, 8.5, 15.5, 9], "texture": "#0"},
				"west": {"uv": [12, 9, 15.5, 9.5], "texture": "#0"},
				"up": {"uv": [7, 3.5, 3.5, 0], "texture": "#0"},
				"down": {"uv": [7, 3.5, 3.5, 7], "texture": "#0"}
			}
		},
		{
			"from": [6, 8, 8],
			"to": [7, 14, 9],
			"rotation": {"angle": 0, "axis": "y", "origin": [5, 8, 8]},
			"faces": {
				"north": {"uv": [9.5, 12.5, 10, 15.5], "texture": "#0"},
				"east": {"uv": [12.5, 9.5, 13, 12.5], "texture": "#0"},
				"south": {"uv": [10, 12.5, 10.5, 15.5], "texture": "#0"},
				"west": {"uv": [10.5, 12.5, 11, 15.5], "texture": "#0"},
				"up": {"uv": [10, 7, 9.5, 6.5], "texture": "#0"},
				"down": {"uv": [5, 10, 4.5, 10.5], "texture": "#0"}
			}
		},
		{
			"name": "cube_outline",
			"from": [7.6, 14.6, 9.6],
			"to": [5.4, 7.4, 7.4],
			"rotation": {"angle": 0, "axis": "y", "origin": [5, 8, 8]},
			"faces": {
				"north": {"uv": [4, 11.5, 4.5, 14.5], "texture": "#0"},
				"east": {"uv": [12, 9.5, 12.5, 12.5], "texture": "#0"},
				"south": {"uv": [8.5, 12.5, 9, 15.5], "texture": "#0"},
				"west": {"uv": [9, 12.5, 9.5, 15.5], "texture": "#0"},
				"up": {"uv": [5, 10, 4.5, 9.5], "texture": "#0"},
				"down": {"uv": [10, 6, 9.5, 6.5], "texture": "#0"}
			}
		},
		{
			"name": "cube_outline",
			"from": [10.1, 4.6, 11.1],
			"to": [4.9, -0.6, 5.9],
			"rotation": {"angle": 0, "axis": "y", "origin": [6.5, 0, 7.5]},
			"faces": {
				"north": {"uv": [2.5, 9.5, 4.5, 11.5], "texture": "#0"},
				"east": {"uv": [9.5, 4, 11.5, 6], "texture": "#0"},
				"south": {"uv": [10, 6, 12, 8], "texture": "#0"},
				"west": {"uv": [10, 8, 12, 10], "texture": "#0"},
				"up": {"uv": [12, 12, 10, 10], "texture": "#0"},
				"down": {"uv": [6.5, 11, 4.5, 13], "texture": "#0"}
			}
		},
		{
			"name": "cube_outline",
			"from": [10.6, 8.6, 11.6],
			"to": [4.4, 3.4, 5.4],
			"rotation": {"angle": 0, "axis": "y", "origin": [6, 4, 9]},
			"faces": {
				"north": {"uv": [5, 7, 7.5, 9], "texture": "#0"},
				"east": {"uv": [7, 5, 9.5, 7], "texture": "#0"},
				"south": {"uv": [7.5, 7, 10, 9], "texture": "#0"},
				"west": {"uv": [5, 9, 7.5, 11], "texture": "#0"},
				"up": {"uv": [2.5, 9.5, 0, 7], "texture": "#0"},
				"down": {"uv": [9.5, 0, 7, 2.5], "texture": "#0"}
			}
		},
		{
			"name": "cube_outline",
			"from": [11.6, 8.4, 12.6],
			"to": [3.4, 7.4, 4.4],
			"rotation": {"angle": 0, "axis": "y", "origin": [4, 7, 6]},
			"faces": {
				"north": {"uv": [12, 6, 15.5, 6.5], "texture": "#0"},
				"east": {"uv": [12, 6.5, 15.5, 7], "texture": "#0"},
				"south": {"uv": [12, 7, 15.5, 7.5], "texture": "#0"},
				"west": {"uv": [12, 7.5, 15.5, 8], "texture": "#0"},
				"up": {"uv": [3.5, 3.5, 0, 0], "texture": "#0"},
				"down": {"uv": [3.5, 3.5, 0, 7], "texture": "#0"}
			}
		}
	],
	"display": {
		"thirdperson_righthand": {
			"translation": [0, 1.25, -0.75],
			"scale": [0.5, 0.5, 0.5]
		},
		"thirdperson_lefthand": {
			"translation": [0, 1.25, 0],
			"scale": [0.5, 0.5, 0.5]
		},
		"firstperson_righthand": {
			"rotation": [-21, 176, 0],
			"translation": [1.25, 5.5, 0],
			"scale": [0.7, 0.7, 0.7]
		},
		"firstperson_lefthand": {
			"rotation": [0, 115, 0],
			"translation": [0.25, 7, 2.25],
			"scale": [0.7, 0.7, 0.7]
		},
		"ground": {
			"translation": [0, 3.75, 0],
			"scale": [0.5, 0.5, 0.5]
		},
		"gui": {
			"rotation": [26, -138, 0],
			"translation": [0, 1, 0]
		},
		"head": {
			"translation": [0.75, 15, -0.5]
		},
		"fixed": {
			"rotation": [0, 22, 0],
			"translation": [0.5, 1.75, -3.75]
		},
		"on_shelf": {
			"rotation": [0, -141, 0]
		}
	},
	"groups": [
		{
			"name": "group",
			"origin": [8, 8, 8],
			"color": 0,
			"children": [0, 1, 2, 3]
		},
		{
			"name": "group",
			"origin": [5, 8, 8],
			"color": 0,
			"children": [4, 5, 6, 7]
		}
	]
}