{
	"format_version": "1.21.11",
	"credit": "Made with Blockbench",
	"textures": {
		"0": "item/money",
		"particle": "item/money"
	},
	"elements": [
		{
			"from": [4, 0, 6],
			"to": [12, 2, 10],
			"rotation": {"angle": 0, "axis": "y", "origin": [6, 0, 6]},
			"faces": {
				"north": {"uv": [8, 8, 16, 10], "texture": "#0"},
				"east": {"uv": [8, 12, 12, 14], "texture": "#0"},
				"south": {"uv": [8, 10, 16, 12], "texture": "#0"},
				"west": {"uv": [12, 12, 16, 14], "texture": "#0"},
				"up": {"uv": [8, 12, 0, 8], "texture": "#0"},
				"down": {"uv": [8, 8, 0, 12], "texture": "#0"}
			}
		},
		{
			"name": "cube_outline",
			"from": [12.5, 2.5, 10.5],
			"to": [3.5, -0.5, 5.5],
			"rotation": {"angle": 0, "axis": "y", "origin": [6, 0, 6]},
			"faces": {
				"north": {"uv": [8, 4, 16, 6], "texture": "#0"},
				"east": {"uv": [0, 12, 4, 14], "texture": "#0"},
				"south": {"uv": [8, 6, 16, 8], "texture": "#0"},
				"west": {"uv": [4, 12, 8, 14], "texture": "#0"},
				"up": {"uv": [8, 4, 0, 0], "texture": "#0"},
				"down": {"uv": [8, 4, 0, 8], "texture": "#0"}
			}
		}
	],
	"display": {
		"thirdperson_righthand": {
			"rotation": [62, 2, 0],
			"translation": [0, 4, 5.25]
		},
		"thirdperson_lefthand": {
			"rotation": [73, 0, 0],
			"translation": [0, 2.75, 7]
		},
		"firstperson_righthand": {
			"rotation": [34, -95, -12],
			"translation": [0.75, 8.75, 6]
		},
		"firstperson_lefthand": {
			"rotation": [39, 90, 0],
			"translation": [1.5, 8.5, 4.5]
		},
		"ground": {
			"translation": [0, 3, 0],
			"scale": [0.7, 0.7, 0.7]
		},
		"gui": {
			"rotation": [39, -33, 0],
			"translation": [0, 8, 0],
			"scale": [1.5, 1.5, 1.5]
		},
		"head": {
			"translation": [0, 14.5, 0]
		},
		"fixed": {
			"rotation": [-90, 0, 0],
			"translation": [0, 0, -10.75],
			"scale": [1.5, 1.5, 1.5]
		},
		"on_shelf": {
			"rotation": [90, 0, 0],
			"translation": [0, 0, 4]
		}
	},
	"groups": [
		{
			"name": "group",
			"origin": [8, 8, 8],
			"color": 0,
			"children": [0, 1]
		}
	]
}