{
	"format_version": "1.21.11",
	"credit": "Made with Blockbench",
	"texture_size": [32, 32],
	"textures": {
		"0": "item/peel_pig",
		"particle": "item/peel_pig"
	},
	"elements": [
		{
			"from": [5, 0, 5],
			"to": [6, 2, 9],
			"rotation": {"angle": 0, "axis": "y", "origin": [4, 0, 5]},
			"faces": {
				"north": {"uv": [10, 1, 10.5, 2], "texture": "#0"},
				"east": {"uv": [8, 0, 10, 1], "texture": "#0"},
				"south": {"uv": [4, 10, 4.5, 11], "texture": "#0"},
				"west": {"uv": [8, 1, 10, 2], "texture": "#0"},
				"up": {"uv": [0.5, 11.5, 0, 9.5], "texture": "#0"},
				"down": {"uv": [1, 9.5, 0.5, 11.5], "texture": "#0"}
			}
		},
		{
			"from": [9, 0, 6],
			"to": [10, 2, 10],
			"rotation": {"angle": 0, "axis": "y", "origin": [8, 0, 6]},
			"faces": {
				"north": {"uv": [4.5, 10, 5, 11], "texture": "#0"},
				"east": {"uv": [5, 8, 7, 9], "texture": "#0"},
				"south": {"uv": [10, 5, 10.5, 6], "texture": "#0"},
				"west": {"uv": [0, 8.5, 2, 9.5], "texture": "#0"},
				"up": {"uv": [1.5, 11.5, 1, 9.5], "texture": "#0"},
				"down": {"uv": [2, 9.5, 1.5, 11.5], "texture": "#0"}
			}
		},
		{
			"from": [5, 0, 9],
			"to": [9, 2, 10],
			"rotation": {"angle": 0, "axis": "y", "origin": [9, 0, 8]},
			"faces": {
				"north": {"uv": [10, 6, 10.5, 7], "texture": "#0"},
				"east": {"uv": [2, 8.5, 4, 9.5], "texture": "#0"},
				"south": {"uv": [8.5, 4, 10.5, 5], "texture": "#0"},
				"west": {"uv": [8.5, 2, 10.5, 3], "texture": "#0"},
				"up": {"uv": [4, 9, 2, 8.5], "texture": "#0"},
				"down": {"uv": [3, 9.5, 1, 10], "texture": "#0"}
			}
		},
		{
			"from": [6, 0, 5],
			"to": [10, 2, 6],
			"rotation": {"angle": 0, "axis": "y", "origin": [10, 0, 4]},
			"faces": {
				"north": {"uv": [8.5, 4, 10.5, 5], "texture": "#0"},
				"east": {"uv": [8.5, 3, 10.5, 4], "texture": "#0"},
				"south": {"uv": [7.5, 10, 8, 11], "texture": "#0"},
				"west": {"uv": [8.5, 4, 10.5, 5], "texture": "#0"},
				"up": {"uv": [2, 11.5, 0, 11], "texture": "#0"},
				"down": {"uv": [4, 9.5, 2, 10], "texture": "#0"}
			}
		},
		{
			"from": [6, 0.75, 6],
			"to": [9, 1.75, 9],
			"rotation": {"angle": 0, "axis": "y", "origin": [6, 0, 7]},
			"faces": {
				"north": {"uv": [0, 4, 1.5, 4.5], "texture": "#0"},
				"east": {"uv": [9, 9.5, 10.5, 10], "texture": "#0"},
				"south": {"uv": [10, 0, 11.5, 0.5], "texture": "#0"},
				"west": {"uv": [10, 0.5, 11.5, 1], "texture": "#0"},
				"up": {"uv": [8.5, 4, 7, 2.5], "texture": "#0"},
				"down": {"uv": [8.5, 4, 7, 5.5], "texture": "#0"}
			}
		},
		{
			"name": "cube_outline",
			"from": [6.6, 2.6, 9.6],
			"to": [4.4, -0.6, 4.4],
			"rotation": {"angle": 0, "axis": "y", "origin": [4, 0, 5]},
			"faces": {
				"north": {"uv": [2.5, 3, 3.5, 4.5], "texture": "#0"},
				"east": {"uv": [2, 0, 4.5, 1.5], "texture": "#0"},
				"south": {"uv": [7, 8.5, 8, 10], "texture": "#0"},
				"west": {"uv": [2, 1.5, 4.5, 3], "texture": "#0"},
				"up": {"uv": [6, 7, 5, 4.5], "texture": "#0"},
				"down": {"uv": [1, 6, 0, 8.5], "texture": "#0"}
			}
		},
		{
			"name": "cube_outline",
			"from": [10.6, 2.6, 10.6],
			"to": [8.4, -0.6, 5.4],
			"rotation": {"angle": 0, "axis": "y", "origin": [8, 0, 6]},
			"faces": {
				"north": {"uv": [8, 8.5, 9, 10], "texture": "#0"},
				"east": {"uv": [2, 3, 4.5, 4.5], "texture": "#0"},
				"south": {"uv": [5, 9, 6, 10.5], "texture": "#0"},
				"west": {"uv": [0, 4.5, 2.5, 6], "texture": "#0"},
				"up": {"uv": [2, 8.5, 1, 6], "texture": "#0"},
				"down": {"uv": [3, 6, 2, 8.5], "texture": "#0"}
			}
		},
		{
			"name": "cube_outline",
			"from": [9.6, 2.6, 10.6],
			"to": [4.4, -0.6, 8.4],
			"rotation": {"angle": 0, "axis": "y", "origin": [9, 0, 8]},
			"faces": {
				"north": {"uv": [4.5, 1.5, 6.5, 2.5], "rotation": 180, "texture": "#0"},
				"east": {"uv": [4.5, 1.5, 6.5, 2.5], "rotation": 180, "texture": "#0"},
				"south": {"uv": [8, 6.5, 9, 7.5], "texture": "#0"},
				"west": {"uv": [4.5, 3.5, 6.5, 4.5], "rotation": 180, "texture": "#0"},
				"up": {"uv": [2, 7, 0, 7.5], "rotation": 180, "texture": "#0"},
				"down": {"uv": [4, 7, 2, 6.5], "rotation": 180, "texture": "#0"}
			}
		},
		{
			"name": "cube_outline",
			"from": [10.6, 2.6, 6.6],
			"to": [5.4, -0.6, 4.4],
			"rotation": {"angle": 0, "axis": "y", "origin": [10, 0, 4]},
			"faces": {
				"north": {"uv": [2.5, 3, 4.5, 4], "rotation": 180, "texture": "#0"},
				"east": {"uv": [4.5, 3, 6.5, 4], "rotation": 180, "texture": "#0"},
				"south": {"uv": [2.5, 0, 4.5, 1], "rotation": 180, "texture": "#0"},
				"west": {"uv": [4.5, 1.5, 6.5, 2.5], "rotation": 180, "texture": "#0"},
				"up": {"uv": [4.5, 7.5, 2.5, 8], "rotation": 180, "texture": "#0"},
				"down": {"uv": [2.5, 7.5, 0.5, 7], "rotation": 180, "texture": "#0"}
			}
		}
	],
	"display": {
		"thirdperson_righthand": {
			"translation": [0, 8, 0]
		},
		"thirdperson_lefthand": {
			"translation": [0, 8, 0]
		},
		"firstperson_righthand": {
			"rotation": [31, 73, 0],
			"translation": [3.25, 7.5, 1]
		},
		"firstperson_lefthand": {
			"rotation": [34, 25, 0],
			"translation": [0, 7.25, 4]
		},
		"ground": {
			"translation": [0, 5, 0]
		},
		"gui": {
			"rotation": [41, 35, 0],
			"translation": [1, 7.75, 0],
			"scale": [1.5, 1.5, 1.5]
		},
		"head": {
			"translation": [0.5, 15, 0.5]
		},
		"fixed": {
			"rotation": [-90, 0, 0],
			"translation": [0, 0.75, -7.5]
		},
		"on_shelf": {
			"rotation": [90, 0, 0],
			"translation": [1, 0, 5]
		}
	},
	"groups": [
		{
			"name": "group",
			"origin": [8, 8, 8],
			"color": 0,
			"children": [0, 1, 2, 3, 4]
		},
		{
			"name": "group",
			"origin": [6, -0.25, 7],
			"color": 0,
			"children": [5, 6, 7, 8]
		}
	]
}