{
	"format_version": "1.21.6",
	"credit": "Made with Blockbench",
	"texture_size": [32, 32],
	"textures": {
		"0": "item/sunglass",
		"particle": "item/sunglass"
	},
	"elements": [
		{
			"from": [4, 3, 4],
			"to": [12, 4, 5],
			"rotation": {"angle": 0, "axis": "y", "origin": [10, 1, 3]},
			"faces": {
				"north": {"uv": [0, 0, 4, 0.5], "texture": "#0"},
				"east": {"uv": [7.5, 7.5, 8, 8], "texture": "#0"},
				"south": {"uv": [0, 0.5, 4, 1], "texture": "#0"},
				"west": {"uv": [0, 8, 0.5, 8.5], "texture": "#0"},
				"up": {"uv": [4, 1.5, 0, 1], "texture": "#0"},
				"down": {"uv": [4, 1.5, 0, 2], "texture": "#0"}
			}
		},
		{
			"from": [3, 3, 4],
			"to": [4, 4, 11],
			"rotation": {"angle": 0, "axis": "y", "origin": [10, 1, 3]},
			"faces": {
				"north": {"uv": [0.5, 8, 1, 8.5], "texture": "#0"},
				"east": {"uv": [0, 4, 3.5, 4.5], "texture": "#0"},
				"south": {"uv": [1, 8, 1.5, 8.5], "texture": "#0"},
				"west": {"uv": [4, 0, 7.5, 0.5], "texture": "#0"},
				"up": {"uv": [4.5, 4, 4, 0.5], "texture": "#0"},
				"down": {"uv": [4, 4, 3.5, 7.5], "texture": "#0"}
			}
		},
		{
			"from": [12, 3, 4],
			"to": [13, 4, 11],
			"rotation": {"angle": 0, "axis": "y", "origin": [19, 1, 3]},
			"faces": {
				"north": {"uv": [8, 1, 8.5, 1.5], "texture": "#0"},
				"east": {"uv": [4, 4, 7.5, 4.5], "texture": "#0"},
				"south": {"uv": [8, 1.5, 8.5, 2], "texture": "#0"},
				"west": {"uv": [0, 4.5, 3.5, 5], "texture": "#0"},
				"up": {"uv": [5, 4, 4.5, 0.5], "texture": "#0"},
				"down": {"uv": [4.5, 4.5, 4, 8], "texture": "#0"}
			}
		},
		{
			"from": [4, 1, 4],
			"to": [7, 3, 5],
			"rotation": {"angle": 0, "axis": "y", "origin": [4, 1, 3]},
			"faces": {
				"north": {"uv": [5.5, 5.5, 7, 6.5], "texture": "#0"},
				"east": {"uv": [3, 6, 3.5, 7], "texture": "#0"},
				"south": {"uv": [0, 6, 1.5, 7], "texture": "#0"},
				"west": {"uv": [3, 7, 3.5, 8], "texture": "#0"},
				"up": {"uv": [7.5, 4, 6, 3.5], "texture": "#0"},
				"down": {"uv": [3, 7, 1.5, 7.5], "texture": "#0"}
			}
		},
		{
			"from": [9, 1, 4],
			"to": [12, 3, 5],
			"rotation": {"angle": 0, "axis": "y", "origin": [10, 1, 3]},
			"faces": {
				"north": {"uv": [6, 0.5, 7.5, 1.5], "texture": "#0"},
				"east": {"uv": [7.5, 1, 8, 2], "texture": "#0"},
				"south": {"uv": [1.5, 6, 3, 7], "texture": "#0"},
				"west": {"uv": [1.5, 7.5, 2, 8.5], "texture": "#0"},
				"up": {"uv": [8.5, 6, 7, 5.5], "texture": "#0"},
				"down": {"uv": [8.5, 6, 7, 6.5], "texture": "#0"}
			}
		},
		{
			"from": [3, 2, 4],
			"to": [4, 3, 5],
			"rotation": {"angle": 0, "axis": "y", "origin": [2, 1, 4]},
			"faces": {
				"north": {"uv": [8, 2, 8.5, 2.5], "texture": "#0"},
				"east": {"uv": [8, 2.5, 8.5, 3], "texture": "#0"},
				"south": {"uv": [3, 8, 3.5, 8.5], "texture": "#0"},
				"west": {"uv": [8, 3, 8.5, 3.5], "texture": "#0"},
				"up": {"uv": [4, 8.5, 3.5, 8], "texture": "#0"},
				"down": {"uv": [8.5, 3.5, 8, 4], "texture": "#0"}
			}
		},
		{
			"from": [12, 2, 4],
			"to": [13, 3, 5],
			"rotation": {"angle": 0, "axis": "y", "origin": [11, 1, 4]},
			"faces": {
				"north": {"uv": [4, 8, 4.5, 8.5], "texture": "#0"},
				"east": {"uv": [8, 4, 8.5, 4.5], "texture": "#0"},
				"south": {"uv": [8, 4.5, 8.5, 5], "texture": "#0"},
				"west": {"uv": [5.5, 8, 6, 8.5], "texture": "#0"},
				"up": {"uv": [6.5, 8.5, 6, 8], "texture": "#0"},
				"down": {"uv": [7, 8, 6.5, 8.5], "texture": "#0"}
			}
		},
		{
			"from": [12, 2, 11],
			"to": [13, 3, 12],
			"rotation": {"angle": 0, "axis": "y", "origin": [11, 1, 11]},
			"faces": {
				"north": {"uv": [7, 8, 7.5, 8.5], "texture": "#0"},
				"east": {"uv": [7.5, 8, 8, 8.5], "texture": "#0"},
				"south": {"uv": [8, 7.5, 8.5, 8], "texture": "#0"},
				"west": {"uv": [8, 8, 8.5, 8.5], "texture": "#0"},
				"up": {"uv": [0.5, 9, 0, 8.5], "texture": "#0"},
				"down": {"uv": [1, 8.5, 0.5, 9], "texture": "#0"}
			}
		},
		{
			"from": [3, 2, 11],
			"to": [4, 3, 12],
			"rotation": {"angle": 0, "axis": "y", "origin": [2, 1, 11]},
			"faces": {
				"north": {"uv": [1, 8.5, 1.5, 9], "texture": "#0"},
				"east": {"uv": [8.5, 1, 9, 1.5], "texture": "#0"},
				"south": {"uv": [1.5, 8.5, 2, 9], "texture": "#0"},
				"west": {"uv": [8.5, 1.5, 9, 2], "texture": "#0"},
				"up": {"uv": [2.5, 9, 2, 8.5], "texture": "#0"},
				"down": {"uv": [9, 2, 8.5, 2.5], "texture": "#0"}
			}
		},
		{
			"name": "cube_outline",
			"from": [12.3, 4.3, 5.3],
			"to": [3.7, 2.7, 3.7],
			"rotation": {"angle": 0, "axis": "y", "origin": [10, 1, 3]},
			"faces": {
				"north": {"uv": [0, 2, 4, 2.5], "texture": "#0"},
				"east": {"uv": [2.5, 8.5, 3, 9], "texture": "#0"},
				"south": {"uv": [0, 2.5, 4, 3], "texture": "#0"},
				"west": {"uv": [8.5, 2.5, 9, 3], "texture": "#0"},
				"up": {"uv": [4, 3.5, 0, 3], "texture": "#0"},
				"down": {"uv": [4, 3.5, 0, 4], "texture": "#0"}
			}
		},
		{
			"name": "cube_outline",
			"from": [4.3, 4.3, 11.3],
			"to": [2.7, 2.7, 3.7],
			"rotation": {"angle": 0, "axis": "y", "origin": [10, 1, 3]},
			"faces": {
				"north": {"uv": [3, 8.5, 3.5, 9], "texture": "#0"},
				"east": {"uv": [4.5, 4.5, 8, 5], "texture": "#0"},
				"south": {"uv": [8.5, 3, 9, 3.5], "texture": "#0"},
				"west": {"uv": [0, 5, 3.5, 5.5], "texture": "#0"},
				"up": {"uv": [5.5, 4, 5, 0.5], "texture": "#0"},
				"down": {"uv": [5, 5, 4.5, 8.5], "texture": "#0"}
			}
		},
		{
			"name": "cube_outline",
			"from": [13.3, 4.3, 11.3],
			"to": [11.7, 2.7, 3.7],
			"rotation": {"angle": 0, "axis": "y", "origin": [19, 1, 3]},
			"faces": {
				"north": {"uv": [3.5, 8.5, 4, 9], "texture": "#0"},
				"east": {"uv": [5, 5, 8.5, 5.5], "texture": "#0"},
				"south": {"uv": [8.5, 3.5, 9, 4], "texture": "#0"},
				"west": {"uv": [0, 5.5, 3.5, 6], "texture": "#0"},
				"up": {"uv": [6, 4, 5.5, 0.5], "texture": "#0"},
				"down": {"uv": [5.5, 5.5, 5, 9], "texture": "#0"}
			}
		},
		{
			"name": "cube_outline",
			"from": [7.3, 3.3, 5.3],
			"to": [3.7, 0.7, 3.7],
			"rotation": {"angle": 0, "axis": "y", "origin": [4, 1, 3]},
			"faces": {
				"north": {"uv": [6, 1.5, 7.5, 2.5], "texture": "#0"},
				"east": {"uv": [2, 7.5, 2.5, 8.5], "texture": "#0"},
				"south": {"uv": [6, 2.5, 7.5, 3.5], "texture": "#0"},
				"west": {"uv": [7.5, 2, 8, 3], "texture": "#0"},
				"up": {"uv": [8.5, 7, 7, 6.5], "texture": "#0"},
				"down": {"uv": [8.5, 7, 7, 7.5], "texture": "#0"}
			}
		},
		{
			"name": "cube_outline",
			"from": [12.3, 3.3, 5.3],
			"to": [8.7, 0.7, 3.7],
			"rotation": {"angle": 0, "axis": "y", "origin": [10, 1, 3]},
			"faces": {
				"north": {"uv": [5.5, 6.5, 7, 7.5], "texture": "#0"},
				"east": {"uv": [2.5, 7.5, 3, 8.5], "texture": "#0"},
				"south": {"uv": [0, 7, 1.5, 8], "texture": "#0"},
				"west": {"uv": [7.5, 3, 8, 4], "texture": "#0"},
				"up": {"uv": [9, 0.5, 7.5, 0], "texture": "#0"},
				"down": {"uv": [9, 0.5, 7.5, 1], "texture": "#0"}
			}
		},
		{
			"name": "cube_outline",
			"from": [4.3, 3.3, 5.3],
			"to": [2.7, 1.7, 3.7],
			"rotation": {"angle": 0, "axis": "y", "origin": [2, 1, 4]},
			"faces": {
				"north": {"uv": [4, 8.5, 4.5, 9], "texture": "#0"},
				"east": {"uv": [8.5, 4, 9, 4.5], "texture": "#0"},
				"south": {"uv": [4.5, 8.5, 5, 9], "texture": "#0"},
				"west": {"uv": [8.5, 4.5, 9, 5], "texture": "#0"},
				"up": {"uv": [9, 5.5, 8.5, 5], "texture": "#0"},
				"down": {"uv": [6, 8.5, 5.5, 9], "texture": "#0"}
			}
		},
		{
			"name": "cube_outline",
			"from": [13.3, 3.3, 5.3],
			"to": [11.7, 1.7, 3.7],
			"rotation": {"angle": 0, "axis": "y", "origin": [11, 1, 4]},
			"faces": {
				"north": {"uv": [8.5, 5.5, 9, 6], "texture": "#0"},
				"east": {"uv": [6, 8.5, 6.5, 9], "texture": "#0"},
				"south": {"uv": [8.5, 6, 9, 6.5], "texture": "#0"},
				"west": {"uv": [6.5, 8.5, 7, 9], "texture": "#0"},
				"up": {"uv": [9, 7, 8.5, 6.5], "texture": "#0"},
				"down": {"uv": [7.5, 8.5, 7, 9], "texture": "#0"}
			}
		},
		{
			"name": "cube_outline",
			"from": [13.3, 3.3, 12.3],
			"to": [11.7, 1.7, 10.7],
			"rotation": {"angle": 0, "axis": "y", "origin": [11, 1, 11]},
			"faces": {
				"north": {"uv": [8.5, 7, 9, 7.5], "texture": "#0"},
				"east": {"uv": [7.5, 8.5, 8, 9], "texture": "#0"},
				"south": {"uv": [8.5, 7.5, 9, 8], "texture": "#0"},
				"west": {"uv": [8, 8.5, 8.5, 9], "texture": "#0"},
				"up": {"uv": [9, 8.5, 8.5, 8], "texture": "#0"},
				"down": {"uv": [9, 8.5, 8.5, 9], "texture": "#0"}
			}
		},
		{
			"name": "cube_outline",
			"from": [4.3, 3.3, 12.3],
			"to": [2.7, 1.7, 10.7],
			"rotation": {"angle": 0, "axis": "y", "origin": [2, 1, 11]},
			"faces": {
				"north": {"uv": [3.5, 7.5, 4, 8], "texture": "#0"},
				"east": {"uv": [7.5, 4, 8, 4.5], "texture": "#0"},
				"south": {"uv": [5.5, 7.5, 6, 8], "texture": "#0"},
				"west": {"uv": [6, 7.5, 6.5, 8], "texture": "#0"},
				"up": {"uv": [7, 8, 6.5, 7.5], "texture": "#0"},
				"down": {"uv": [7.5, 7.5, 7, 8], "texture": "#0"}
			}
		}
	],
	"display": {
		"thirdperson_righthand": {
			"rotation": [58, 0, 0],
			"translation": [0, 3.25, 4.75],
			"scale": [0.7, 0.7, 0.7]
		},
		"thirdperson_lefthand": {
			"rotation": [80, 0, 0],
			"translation": [0, -0.75, 3.75],
			"scale": [0.7, 0.7, 0.7]
		},
		"firstperson_righthand": {
			"rotation": [-14, 139, 0],
			"translation": [0, 8.5, -2.75]
		},
		"firstperson_lefthand": {
			"rotation": [-9, 96, 0],
			"translation": [3.25, 8.75, -1.75]
		},
		"ground": {
			"translation": [0, 4.5, 0]
		},
		"gui": {
			"rotation": [15, 152, 0],
			"translation": [0, 6, 0],
			"scale": [1.2, 1.2, 1.2]
		},
		"head": {
			"translation": [0, 5.75, -2.5],
			"scale": [1.5, 1.5, 1.5]
		},
		"fixed": {
			"translation": [0, 7, 2.5],
			"scale": [1.5, 1.5, 1.5]
		},
		"on_shelf": {
			"rotation": [0, 180, 0],
			"translation": [0, 5.75, 0],
			"scale": [1.5, 1.5, 1.5]
		}
	},
	"groups": [
		{
			"name": "group",
			"origin": [8, 8, 8],
			"color": 0,
			"children": [
				0,
				1,
				2,
				3,
				4,
				5,
				6,
				7,
				8,
				{
					"name": "group",
					"origin": [2, 1, 11],
					"color": 0,
					"children": [9, 10, 11, 12, 13, 14, 15, 16, 17]
				}
			]
		}
	]
}