{
	"format_version": "1.21.6",
	"credit": "Made with Blockbench",
	"texture_size": [32, 32],
	"textures": {
		"0": "item/tomatogpu",
		"particle": "item/tomatogpu"
	},
	"elements": [
		{
			"from": [3, 0, 5],
			"to": [13, 2, 10],
			"rotation": {"angle": 0, "axis": "y", "origin": [8, 0, 7]},
			"faces": {
				"north": {"uv": [0, 7.5, 5, 8.5], "texture": "#0"},
				"east": {"uv": [10, 2, 12.5, 3], "texture": "#0"},
				"south": {"uv": [0, 8.5, 5, 9.5], "texture": "#0"},
				"west": {"uv": [10, 3, 12.5, 4], "texture": "#0"},
				"up": {"uv": [5, 2.5, 0, 0], "texture": "#0"},
				"down": {"uv": [5, 2.5, 0, 5], "texture": "#0"}
			}
		},
		{
			"from": [2, 0, 5],
			"to": [3, 2, 11],
			"rotation": {"angle": 0, "axis": "y", "origin": [1, 0, 6]},
			"faces": {
				"north": {"uv": [8, 11, 8.5, 12], "texture": "#0"},
				"east": {"uv": [5, 9.5, 8, 10.5], "texture": "#0"},
				"south": {"uv": [8.5, 11, 9, 12], "texture": "#0"},
				"west": {"uv": [8, 9.5, 11, 10.5], "texture": "#0"},
				"up": {"uv": [0.5, 13.5, 0, 10.5], "texture": "#0"},
				"down": {"uv": [1, 10.5, 0.5, 13.5], "texture": "#0"}
			}
		},
		{
			"from": [4, 0, 10],
			"to": [8, 1, 11],
			"rotation": {"angle": 0, "axis": "y", "origin": [4, 0, 10]},
			"faces": {
				"north": {"uv": [10, 8, 12, 8.5], "texture": "#0"},
				"east": {"uv": [11, 9.5, 11.5, 10], "texture": "#0"},
				"south": {"uv": [10, 8.5, 12, 9], "texture": "#0"},
				"west": {"uv": [10, 11, 10.5, 11.5], "texture": "#0"},
				"up": {"uv": [12, 9.5, 10, 9], "texture": "#0"},
				"down": {"uv": [4, 10.5, 2, 11], "texture": "#0"}
			}
		},
		{
			"from": [2.5, 0.5, 5.5],
			"to": [12.5, 1.5, 9.5],
			"rotation": {"angle": 0, "axis": "y", "origin": [4.5, 0.5, 5.5]},
			"faces": {
				"north": {"uv": [10, 4, 15, 4.5], "texture": "#0"},
				"east": {"uv": [2, 11, 3.5, 11.5], "texture": "#0"},
				"south": {"uv": [10, 4.5, 15, 5], "texture": "#0"},
				"west": {"uv": [3.5, 11, 5, 11.5], "texture": "#0"},
				"up": {"uv": [10, 4, 5, 2.5], "texture": "#0"},
				"down": {"uv": [10, 4, 5, 5.5], "texture": "#0"}
			}
		},
		{
			"name": "cube_outline",
			"from": [13.1, 2.1, 9.6],
			"to": [1.9, -0.1, 5.4],
			"rotation": {"angle": 0, "axis": "y", "origin": [4.5, 0.5, 6]},
			"faces": {
				"north": {"uv": [10, 5, 15, 5.5], "texture": "#0"},
				"east": {"uv": [5, 11, 6.5, 11.5], "texture": "#0"},
				"south": {"uv": [10, 5.5, 15, 6], "texture": "#0"},
				"west": {"uv": [6.5, 11, 8, 11.5], "texture": "#0"},
				"up": {"uv": [10, 7, 5, 5.5], "texture": "#0"},
				"down": {"uv": [10, 7, 5, 8.5], "texture": "#0"}
			}
		},
		{
			"name": "cube_outline",
			"from": [13.6, 2.6, 10.6],
			"to": [2.4, -0.6, 4.4],
			"rotation": {"angle": 0, "axis": "y", "origin": [8, 0, 7]},
			"faces": {
				"north": {"uv": [5, 8.5, 10, 9.5], "texture": "#0"},
				"east": {"uv": [10, 6, 12.5, 7], "texture": "#0"},
				"south": {"uv": [0, 9.5, 5, 10.5], "texture": "#0"},
				"west": {"uv": [10, 7, 12.5, 8], "texture": "#0"},
				"up": {"uv": [5, 7.5, 0, 5], "texture": "#0"},
				"down": {"uv": [10, 0, 5, 2.5], "texture": "#0"}
			}
		},
		{
			"name": "cube_outline",
			"from": [3.6, 2.6, 11.6],
			"to": [1.4, -0.6, 4.4],
			"rotation": {"angle": 0, "axis": "y", "origin": [1, 0, 6]},
			"faces": {
				"north": {"uv": [9, 11, 9.5, 12], "texture": "#0"},
				"east": {"uv": [10, 0, 13, 1], "texture": "#0"},
				"south": {"uv": [9.5, 11, 10, 12], "texture": "#0"},
				"west": {"uv": [10, 1, 13, 2], "texture": "#0"},
				"up": {"uv": [1.5, 13.5, 1, 10.5], "texture": "#0"},
				"down": {"uv": [2, 10.5, 1.5, 13.5], "texture": "#0"}
			}
		},
		{
			"name": "cube_outline",
			"from": [8.6, 1.6, 11.6],
			"to": [3.4, -0.6, 9.4],
			"rotation": {"angle": 0, "axis": "y", "origin": [4, 0, 10]},
			"faces": {
				"north": {"uv": [4, 10.5, 6, 11], "texture": "#0"},
				"east": {"uv": [11, 10, 11.5, 10.5], "texture": "#0"},
				"south": {"uv": [6, 10.5, 8, 11], "texture": "#0"},
				"west": {"uv": [10.5, 11, 11, 11.5], "texture": "#0"},
				"up": {"uv": [10, 11, 8, 10.5], "texture": "#0"},
				"down": {"uv": [12, 10.5, 10, 11], "texture": "#0"}
			}
		}
	],
	"display": {
		"thirdperson_righthand": {
			"translation": [0, 4.5, 0],
			"scale": [0.5, 0.5, 0.5]
		},
		"thirdperson_lefthand": {
			"translation": [0, 4, 0],
			"scale": [0.5, 0.5, 0.5]
		},
		"firstperson_righthand": {
			"rotation": [38, 0, 0],
			"translation": [2.75, 7.75, 2]
		},
		"firstperson_lefthand": {
			"rotation": [22, 1, 0],
			"translation": [1.75, 8.75, 0.5]
		},
		"ground": {
			"translation": [0, 3, 0],
			"scale": [0.5, 0.5, 0.5]
		},
		"gui": {
			"rotation": [61, 27, 0],
			"translation": [0.75, 3.25, 0]
		},
		"head": {
			"translation": [0, 15.25, 0]
		},
		"fixed": {
			"rotation": [-90, 0, 0],
			"translation": [0, 0, -9.5],
			"scale": [1.2, 1.2, 1.2]
		},
		"on_shelf": {
			"rotation": [90, 0, 0],
			"translation": [0, 0, 4.75]
		}
	},
	"groups": [
		{
			"name": "group",
			"origin": [8, 8, 8],
			"color": 0,
			"children": [0, 1, 2, 3]
		},
		{
			"name": "group",
			"origin": [4.5, 0.5, 6],
			"color": 0,
			"children": [4, 5, 6, 7]
		}
	]
}