{
	"format_version": "1.21.6",
	"credit": "Made with Blockbench",
	"textures": {
		"0": "item/yellowdark",
		"particle": "item/yellowdark"
	},
	"elements": [
		{
			"from": [6.5, 0, 6],
			"to": [9.5, 2, 10],
			"rotation": {"angle": 0, "axis": "y", "origin": [7.5, 0, 7]},
			"faces": {
				"north": {"uv": [0, 8, 3, 10], "texture": "#0"},
				"east": {"uv": [6, 0, 10, 2], "texture": "#0"},
				"south": {"uv": [3, 8, 6, 10], "texture": "#0"},
				"west": {"uv": [6, 2, 10, 4], "texture": "#0"},
				"up": {"uv": [3, 4, 0, 0], "texture": "#0"},
				"down": {"uv": [6, 0, 3, 4], "texture": "#0"}
			}
		},
		{
			"from": [7, 1.5, 6.25],
			"to": [9, 3.5, 8.25],
			"rotation": {"angle": 0, "axis": "y", "origin": [7, 1.5, 6.25]},
			"faces": {
				"north": {"uv": [0, 10, 2, 12], "texture": "#0"},
				"east": {"uv": [10, 0, 12, 2], "texture": "#0"},
				"south": {"uv": [2, 10, 4, 12], "texture": "#0"},
				"west": {"uv": [10, 2, 12, 4], "texture": "#0"},
				"up": {"uv": [6, 12, 4, 10], "texture": "#0"},
				"down": {"uv": [12, 4, 10, 6], "texture": "#0"}
			}
		},
		{
			"from": [7, 2.5, 5.25],
			"to": [9, 2.5, 6.25],
			"rotation": {"angle": 0, "axis": "y", "origin": [7, 2.5, 5.25]},
			"faces": {
				"north": {"uv": [0, 0, 2, 0], "texture": "#0"},
				"east": {"uv": [0, 0, 1, 0], "texture": "#0"},
				"south": {"uv": [0, 0, 2, 0], "texture": "#0"},
				"west": {"uv": [0, 0, 1, 0], "texture": "#0"},
				"up": {"uv": [4, 13, 2, 12], "texture": "#0"},
				"down": {"uv": [14, 2, 12, 3], "texture": "#0"}
			}
		},
		{
			"name": "cube_outline",
			"from": [9.4, 3.9, 8.65],
			"to": [6.6, 1.1, 5.85],
			"rotation": {"angle": 0, "axis": "y", "origin": [7, 1.5, 6.25]},
			"faces": {
				"north": {"uv": [6, 10, 8, 12], "texture": "#0"},
				"east": {"uv": [10, 6, 12, 8], "texture": "#0"},
				"south": {"uv": [8, 10, 10, 12], "texture": "#0"},
				"west": {"uv": [10, 10, 12, 12], "texture": "#0"},
				"up": {"uv": [2, 14, 0, 12], "texture": "#0"},
				"down": {"uv": [14, 0, 12, 2], "texture": "#0"}
			}
		},
		{
			"name": "cube_outline",
			"from": [9.9, 2.4, 10.4],
			"to": [6.1, -0.4, 5.6],
			"rotation": {"angle": 0, "axis": "y", "origin": [7.5, 0, 7]},
			"faces": {
				"north": {"uv": [6, 8, 9, 10], "texture": "#0"},
				"east": {"uv": [6, 4, 10, 6], "texture": "#0"},
				"south": {"uv": [9, 8, 12, 10], "texture": "#0"},
				"west": {"uv": [6, 6, 10, 8], "texture": "#0"},
				"up": {"uv": [3, 8, 0, 4], "texture": "#0"},
				"down": {"uv": [6, 4, 3, 8], "texture": "#0"}
			}
		},
		{
			"name": "cube_outline",
			"from": [9.4, 2.9, 6.65],
			"to": [6.6, 2.1, 4.85],
			"rotation": {"angle": 0, "axis": "y", "origin": [7, 2.5, 5.25]},
			"faces": {
				"north": {"uv": [12, 3, 14, 4], "texture": "#0"},
				"east": {"uv": [6, 12, 7, 13], "texture": "#0"},
				"south": {"uv": [4, 12, 6, 13], "texture": "#0"},
				"west": {"uv": [12, 6, 13, 7], "texture": "#0"},
				"up": {"uv": [14, 5, 12, 4], "texture": "#0"},
				"down": {"uv": [14, 5, 12, 6], "texture": "#0"}
			}
		}
	],
	"display": {
		"thirdperson_righthand": {
			"translation": [0, 8, 0]
		},
		"thirdperson_lefthand": {
			"translation": [0, 7.25, 0]
		},
		"firstperson_righthand": {
			"rotation": [0, 94, 0],
			"translation": [0, 8.75, 0]
		},
		"firstperson_lefthand": {
			"rotation": [0, 93, 0],
			"translation": [0, 8, 0]
		},
		"ground": {
			"translation": [0, 6.25, 0]
		},
		"gui": {
			"rotation": [33, 114, 0],
			"translation": [0, 11.25, 0],
			"scale": [2, 2, 2]
		},
		"head": {
			"translation": [0, 38, 0],
			"scale": [4, 4, 4]
		},
		"fixed": {
			"rotation": [-12, -30, 0],
			"translation": [0, 13.75, -7.5],
			"scale": [2, 2, 2]
		},
		"on_shelf": {
			"rotation": [0, 129, 0],
			"translation": [0, 6, 0],
			"scale": [2, 2, 2]
		}
	},
	"groups": [
		{
			"name": "group",
			"origin": [8, 8, 8],
			"color": 0,
			"children": [0, 1, 2]
		},
		{
			"name": "group",
			"origin": [7, 1.5, 6.25],
			"color": 0,
			"children": [3, 4, 5]
		}
	]
}