{
	"format_version": "1.21.11",
	"credit": "Made with Blockbench",
	"texture_size": [64, 64],
	"textures": {
		"0": "item/batt",
		"particle": "item/batt"
	},
	"elements": [
		{
			"from": [5, 0, 4],
			"to": [11, 5, 12],
			"rotation": {"angle": 0, "axis": "y", "origin": [7, 0, 7]},
			"faces": {
				"north": {"uv": [1.5, 5.75, 3, 7], "texture": "#0"},
				"east": {"uv": [5, 1.25, 7, 2.5], "texture": "#0"},
				"south": {"uv": [3, 6, 4.5, 7.25], "texture": "#0"},
				"west": {"uv": [5, 2.5, 7, 3.75], "texture": "#0"},
				"up": {"uv": [5, 6, 3.5, 4], "texture": "#0"},
				"down": {"uv": [1.5, 4.5, 0, 6.5], "texture": "#0"}
			}
		},
		{
			"from": [4.5, 5, 3.5],
			"to": [11.5, 6, 12.5],
			"rotation": {"angle": 0, "axis": "y", "origin": [6.5, 5, 5.5]},
			"faces": {
				"north": {"uv": [6.5, 4.75, 8.25, 5], "texture": "#0"},
				"east": {"uv": [6.5, 4, 8.75, 4.25], "texture": "#0"},
				"south": {"uv": [6.5, 5, 8.25, 5.25], "texture": "#0"},
				"west": {"uv": [6.5, 4.25, 8.75, 4.5], "texture": "#0"},
				"up": {"uv": [1.75, 4.5, 0, 2.25], "texture": "#0"},
				"down": {"uv": [3.5, 2.25, 1.75, 4.5], "texture": "#0"}
			}
		},
		{
			"from": [6, 5, 10],
			"to": [7, 7, 11],
			"rotation": {"angle": 0, "axis": "y", "origin": [5, 5, 9]},
			"faces": {
				"north": {"uv": [6.25, 6.5, 6.5, 7], "texture": "#0"},
				"east": {"uv": [6.5, 6.5, 6.75, 7], "texture": "#0"},
				"south": {"uv": [4.5, 6.75, 4.75, 7.25], "texture": "#0"},
				"west": {"uv": [4.75, 6.75, 5, 7.25], "texture": "#0"},
				"up": {"uv": [6, 7, 5.75, 6.75], "texture": "#0"},
				"down": {"uv": [7, 5.75, 6.75, 6], "texture": "#0"}
			}
		},
		{
			"from": [6, 5, 5],
			"to": [7, 7, 6],
			"rotation": {"angle": 0, "axis": "y", "origin": [5, 5, 4]},
			"faces": {
				"north": {"uv": [5, 6.75, 5.25, 7.25], "texture": "#0"},
				"east": {"uv": [5.25, 6.75, 5.5, 7.25], "texture": "#0"},
				"south": {"uv": [6.75, 5.25, 7, 5.75], "texture": "#0"},
				"west": {"uv": [5.5, 6.75, 5.75, 7.25], "texture": "#0"},
				"up": {"uv": [6.25, 7, 6, 6.75], "texture": "#0"},
				"down": {"uv": [7, 6, 6.75, 6.25], "texture": "#0"}
			}
		},
		{
			"name": "cube_outline",
			"from": [7.5, 7.5, 11.5],
			"to": [5.5, 4.5, 9.5],
			"rotation": {"angle": 0, "axis": "y", "origin": [5, 5, 9]},
			"faces": {
				"north": {"uv": [0, 6.5, 0.25, 7], "texture": "#0"},
				"east": {"uv": [0.25, 6.5, 0.5, 7], "texture": "#0"},
				"south": {"uv": [0.5, 6.5, 0.75, 7], "texture": "#0"},
				"west": {"uv": [0.75, 6.5, 1, 7], "texture": "#0"},
				"up": {"uv": [3.25, 6, 3, 5.75], "texture": "#0"},
				"down": {"uv": [3.5, 5.75, 3.25, 6], "texture": "#0"}
			}
		},
		{
			"name": "cube_outline",
			"from": [11.5, 5.5, 12.5],
			"to": [4.5, -0.5, 3.5],
			"rotation": {"angle": 0, "axis": "y", "origin": [7, 0, 7]},
			"faces": {
				"north": {"uv": [5, 3.75, 6.5, 5], "texture": "#0"},
				"east": {"uv": [1.5, 4.5, 3.5, 5.75], "texture": "#0"},
				"south": {"uv": [5, 5, 6.5, 6.25], "texture": "#0"},
				"west": {"uv": [5, 0, 7, 1.25], "texture": "#0"},
				"up": {"uv": [5, 2, 3.5, 0], "texture": "#0"},
				"down": {"uv": [5, 2, 3.5, 4], "texture": "#0"}
			}
		},
		{
			"name": "cube_outline",
			"from": [12, 6.5, 13],
			"to": [4, 4.5, 3],
			"rotation": {"angle": 0, "axis": "y", "origin": [6.5, 5, 5.5]},
			"faces": {
				"north": {"uv": [4.5, 6.5, 6.25, 6.75], "texture": "#0"},
				"east": {"uv": [4.5, 6.25, 6.75, 6.5], "texture": "#0"},
				"south": {"uv": [6.5, 4.5, 8.25, 4.75], "texture": "#0"},
				"west": {"uv": [6.5, 3.75, 8.75, 4], "texture": "#0"},
				"up": {"uv": [1.75, 2.25, 0, 0], "texture": "#0"},
				"down": {"uv": [3.5, 0, 1.75, 2.25], "texture": "#0"}
			}
		},
		{
			"name": "cube_outline",
			"from": [7.5, 7.5, 6.5],
			"to": [5.5, 4.5, 4.5],
			"rotation": {"angle": 0, "axis": "y", "origin": [5, 5, 4]},
			"faces": {
				"north": {"uv": [1, 6.5, 1.25, 7], "texture": "#0"},
				"east": {"uv": [1.25, 6.5, 1.5, 7], "texture": "#0"},
				"south": {"uv": [6.5, 5.25, 6.75, 5.75], "texture": "#0"},
				"west": {"uv": [6.5, 5.75, 6.75, 6.25], "texture": "#0"},
				"up": {"uv": [4.75, 6.25, 4.5, 6], "texture": "#0"},
				"down": {"uv": [5, 6, 4.75, 6.25], "texture": "#0"}
			}
		}
	],
	"display": {
		"thirdperson_righthand": {
			"rotation": [0, 90, 0],
			"translation": [0, 7.5, 0]
		},
		"thirdperson_lefthand": {
			"rotation": [0, 90, 0],
			"translation": [0, 7.5, 0]
		},
		"firstperson_righthand": {
			"rotation": [0, 15, 0],
			"translation": [3.5, 6, 0]
		},
		"firstperson_lefthand": {
			"rotation": [-22, 17, 0],
			"translation": [0, 6.25, 0]
		},
		"ground": {
			"translation": [0, 5, 0]
		},
		"gui": {
			"rotation": [18, 65, 0],
			"translation": [0, 5.25, 0],
			"scale": [1.2, 1.2, 1.2]
		},
		"head": {
			"rotation": [0, -90, 0],
			"translation": [0, 15, 0]
		},
		"fixed": {
			"rotation": [0, -90, 0],
			"translation": [0, 4, 0],
			"scale": [1.2, 1.2, 1.2]
		},
		"on_shelf": {
			"rotation": [0, 90, 0],
			"translation": [0, 0, -0.25]
		}
	},
	"groups": [
		{
			"name": "group",
			"origin": [8, 8, 8],
			"color": 0,
			"children": [0, 1, 2, 3]
		},
		{
			"name": "group",
			"origin": [5, 5, 9],
			"color": 0,
			"children": [4, 5, 6, 7]
		}
	]
}