{
	"format_version": "1.21.6",
	"credit": "Made with Blockbench",
	"texture_size": [32, 32],
	"textures": {
		"0": "item/blue_box",
		"particle": "item/blue_box"
	},
	"elements": [
		{
			"from": [6, 0, 4],
			"to": [11, 5, 13],
			"rotation": {"angle": 0, "axis": "y", "origin": [7, 0, 6]},
			"faces": {
				"north": {"uv": [0, 5, 2.5, 7.5], "texture": "#0"},
				"east": {"uv": [0, 0, 5, 2.5], "texture": "#0"},
				"south": {"uv": [6, 0, 8.5, 2.5], "texture": "#0"},
				"west": {"uv": [0, 2.5, 5, 5], "texture": "#0"},
				"up": {"uv": [11, 5, 8.5, 0], "texture": "#0"},
				"down": {"uv": [16, 0, 13.5, 5], "texture": "#0"}
			}
		},
		{
			"from": [8.5, 2.5, 6],
			"to": [8.5, 6.5, 11],
			"rotation": {"angle": 0, "axis": "y", "origin": [7.5, 2.5, 6]},
			"faces": {
				"north": {"uv": [0, 0, 0, 2], "texture": "#0"},
				"east": {"uv": [6, 2.5, 8.5, 4.5], "texture": "#0"},
				"south": {"uv": [0, 0, 0, 2], "texture": "#0"},
				"west": {"uv": [6, 4.5, 8.5, 6.5], "texture": "#0"},
				"up": {"uv": [0, 2.5, 0, 0], "texture": "#0"},
				"down": {"uv": [0, 0, 0, 2.5], "texture": "#0"}
			}
		},
		{
			"name": "cube_outline",
			"from": [11.4, 5.4, 13.4],
			"to": [5.6, -0.4, 3.6],
			"rotation": {"angle": 0, "axis": "y", "origin": [7, 0, 6]},
			"faces": {
				"north": {"uv": [2.5, 12.5, 5, 15], "rotation": 180, "texture": "#0"},
				"east": {"uv": [0, 7.5, 5, 10], "rotation": 180, "texture": "#0"},
				"south": {"uv": [0, 12.5, 2.5, 15], "rotation": 180, "texture": "#0"},
				"west": {"uv": [0, 10, 5, 12.5], "rotation": 180, "texture": "#0"},
				"up": {"uv": [7.5, 7.5, 5, 12.5], "rotation": 180, "texture": "#0"},
				"down": {"uv": [10, 12.5, 7.5, 7.5], "rotation": 180, "texture": "#0"}
			}
		}
	],
	"display": {
		"thirdperson_righthand": {
			"rotation": [-151.75, -88.06, 139.12],
			"translation": [0.75, 1.25, 2.75]
		},
		"thirdperson_lefthand": {
			"rotation": [-147.39, 84.78, -145.28],
			"translation": [0, 1.25, 3]
		},
		"firstperson_righthand": {
			"rotation": [0, 17, 0],
			"translation": [0.25, 6.5, 0]
		},
		"firstperson_lefthand": {
			"rotation": [0, 41, 0],
			"translation": [0.75, 7.75, 0]
		},
		"ground": {
			"translation": [0, 2.25, 0],
			"scale": [0.5, 0.5, 0.5]
		},
		"gui": {
			"rotation": [17, 49, 0],
			"translation": [-0.5, 5.75, 0],
			"scale": [1.2, 1.2, 1.2]
		},
		"head": {
			"translation": [0, 15, 0]
		},
		"fixed": {
			"rotation": [0, 63, 0],
			"translation": [-0.5, 6.5, -0.5],
			"scale": [1.2, 1.2, 1.2]
		},
		"on_shelf": {
			"rotation": [0, 75, 0],
			"scale": [1.2, 1.2, 1.2]
		}
	},
	"groups": [
		{
			"name": "group",
			"origin": [8, 8, 8],
			"color": 0,
			"children": [0, 1]
		},
		{
			"name": "group",
			"origin": [7, 0, 6],
			"color": 0,
			"children": [2]
		}
	]
}