{
	"format_version": "1.21.11",
	"credit": "Made with Blockbench",
	"texture_size": [64, 64],
	"textures": {
		"0": "item/chest_tool_o",
		"particle": "item/chest_tool_o"
	},
	"elements": [
		{
			"from": [1, 0, 4],
			"to": [15, 3, 14],
			"rotation": {"angle": 0, "axis": "y", "origin": [7, 0, 7]},
			"faces": {
				"north": {"uv": [0, 5, 3.5, 5.75], "texture": "#0"},
				"east": {"uv": [0, 6.5, 2.5, 7.25], "texture": "#0"},
				"south": {"uv": [3.5, 5, 7, 5.75], "texture": "#0"},
				"west": {"uv": [2.5, 6.5, 5, 7.25], "texture": "#0"},
				"up": {"uv": [3.5, 2.5, 0, 0], "texture": "#0"},
				"down": {"uv": [3.5, 2.5, 0, 5], "texture": "#0"}
			}
		},
		{
			"from": [1, 6.90192, 3.43782],
			"to": [15, 9.90192, 13.43782],
			"rotation": {"angle": 30, "axis": "x", "origin": [7, 3.90192, 6.43782]},
			"faces": {
				"north": {"uv": [0, 5.75, 3.5, 6.5], "texture": "#0"},
				"east": {"uv": [5, 6.5, 7.5, 7.25], "texture": "#0"},
				"south": {"uv": [3.5, 5.75, 7, 6.5], "texture": "#0"},
				"west": {"uv": [7, 0, 9.5, 0.75], "texture": "#0"},
				"up": {"uv": [7, 2.5, 3.5, 0], "texture": "#0"},
				"down": {"uv": [7, 2.5, 3.5, 5], "texture": "#0"}
			}
		},
		{
			"from": [6, 2, 2],
			"to": [10, 4, 3],
			"rotation": {"angle": 0, "axis": "y", "origin": [6, 0, 1]},
			"faces": {
				"north": {"uv": [7.5, 7.5, 8.5, 8], "texture": "#0"},
				"east": {"uv": [7.25, 7.75, 7.5, 8.25], "texture": "#0"},
				"south": {"uv": [1.25, 7.75, 2.25, 8.25], "texture": "#0"},
				"west": {"uv": [1, 8, 1.25, 8.5], "texture": "#0"},
				"up": {"uv": [7.25, 8, 6.25, 7.75], "texture": "#0"},
				"down": {"uv": [1, 8, 0, 8.25], "texture": "#0"}
			}
		},
		{
			"from": [10, 0, 2],
			"to": [15, 3, 4],
			"rotation": {"angle": 0, "axis": "y", "origin": [13, 0, 2]},
			"faces": {
				"north": {"uv": [7, 0.75, 8.25, 1.5], "texture": "#0"},
				"east": {"uv": [2.25, 7.75, 2.75, 8.5], "texture": "#0"},
				"south": {"uv": [7, 1.5, 8.25, 2.25], "texture": "#0"},
				"west": {"uv": [2.75, 7.75, 3.25, 8.5], "texture": "#0"},
				"up": {"uv": [8.25, 6.5, 7, 6], "texture": "#0"},
				"down": {"uv": [2.5, 7.25, 1.25, 7.75], "texture": "#0"}
			}
		},
		{
			"from": [1, 0, 2],
			"to": [6, 3, 4],
			"rotation": {"angle": 0, "axis": "y", "origin": [1, 0, 2]},
			"faces": {
				"north": {"uv": [7, 2.25, 8.25, 3], "texture": "#0"},
				"east": {"uv": [3.25, 7.75, 3.75, 8.5], "texture": "#0"},
				"south": {"uv": [7, 3, 8.25, 3.75], "texture": "#0"},
				"west": {"uv": [3.75, 7.75, 4.25, 8.5], "texture": "#0"},
				"up": {"uv": [3.75, 7.75, 2.5, 7.25], "texture": "#0"},
				"down": {"uv": [5, 7.25, 3.75, 7.75], "texture": "#0"}
			}
		},
		{
			"from": [10, 9, 3.6077],
			"to": [15, 12, 5.6077],
			"rotation": {"angle": 30, "axis": "x", "origin": [13, 9, 3.6077]},
			"faces": {
				"north": {"uv": [7, 3.75, 8.25, 4.5], "texture": "#0"},
				"east": {"uv": [4.25, 7.75, 4.75, 8.5], "texture": "#0"},
				"south": {"uv": [7, 4.5, 8.25, 5.25], "texture": "#0"},
				"west": {"uv": [4.75, 7.75, 5.25, 8.5], "texture": "#0"},
				"up": {"uv": [6.25, 7.75, 5, 7.25], "texture": "#0"},
				"down": {"uv": [7.5, 7.25, 6.25, 7.75], "texture": "#0"}
			}
		},
		{
			"from": [1, 9, 3.6077],
			"to": [6, 12, 5.6077],
			"rotation": {"angle": 30, "axis": "x", "origin": [1, 9, 3.6077]},
			"faces": {
				"north": {"uv": [7, 5.25, 8.25, 6], "texture": "#0"},
				"east": {"uv": [5.25, 7.75, 5.75, 8.5], "texture": "#0"},
				"south": {"uv": [0, 7.25, 1.25, 8], "texture": "#0"},
				"west": {"uv": [5.75, 7.75, 6.25, 8.5], "texture": "#0"},
				"up": {"uv": [8.75, 7, 7.5, 6.5], "texture": "#0"},
				"down": {"uv": [8.75, 7, 7.5, 7.5], "texture": "#0"}
			}
		}
	],
	"groups": [
		{
			"name": "group",
			"origin": [8, 8, 8],
			"color": 0,
			"children": [
				0,
				1,
				2,
				{
					"name": "group",
					"origin": [13, 0, 2],
					"color": 0,
					"children": [3, 4]
				},
				{
					"name": "group",
					"origin": [13, 0, 2],
					"color": 0,
					"children": [5, 6]
				}
			]
		}
	]
}