{
	"format_version": "1.21.11",
	"credit": "Made with Blockbench",
	"texture_size": [64, 64],
	"textures": {
		"0": "item/chest_laji_o",
		"particle": "item/chest_laji_o"
	},
	"elements": [
		{
			"from": [3, 0, 3],
			"to": [13, 14, 13],
			"rotation": {"angle": 0, "axis": "y", "origin": [7, 2, 7]},
			"faces": {
				"north": {"uv": [5.75, 0, 8.25, 3.5], "texture": "#0"},
				"east": {"uv": [5.75, 0, 8.25, 3.5], "texture": "#0"},
				"south": {"uv": [5.75, 0, 8.25, 3.5], "texture": "#0"},
				"west": {"uv": [5.75, 0, 8.25, 3.5], "texture": "#0"},
				"up": {"uv": [3.25, 6.5, 0, 3.25], "texture": "#0"},
				"down": {"uv": [5, 7, 2.5, 9.5], "texture": "#0"}
			}
		},
		{
			"from": [2.5, 13, 0.5],
			"to": [15.5, 15, 13.5],
			"rotation": {"angle": -37.5, "axis": "y", "origin": [3.5, 13, 2.5]},
			"faces": {
				"north": {"uv": [5, 8, 8.25, 8.5], "texture": "#0"},
				"east": {"uv": [5, 8, 8.25, 8.5], "texture": "#0"},
				"south": {"uv": [5, 8, 8.25, 8.5], "texture": "#0"},
				"west": {"uv": [5, 8, 8.25, 8.5], "texture": "#0"},
				"up": {"uv": [3.25, 3.25, 0, 0], "texture": "#0"},
				"down": {"uv": [3.25, 3.25, 0, 6.5], "texture": "#0"}
			}
		},
		{
			"from": [5, 15, 8],
			"to": [7, 17, 10],
			"rotation": {"angle": -37.5, "axis": "y", "origin": [5, 15, 8]},
			"faces": {
				"north": {"uv": [2.5, 6.5, 3, 7], "texture": "#0"},
				"east": {"uv": [8.25, 0.5, 8.75, 1], "texture": "#0"},
				"south": {"uv": [8.25, 1, 8.75, 1.5], "texture": "#0"},
				"west": {"uv": [8.25, 1.5, 8.75, 2], "texture": "#0"},
				"up": {"uv": [8.75, 2.5, 8.25, 2], "texture": "#0"},
				"down": {"uv": [8.75, 2.5, 8.25, 3], "texture": "#0"}
			}
		}
	],
	"groups": [
		{
			"name": "group",
			"origin": [8, 8, 8],
			"color": 0,
			"children": [0, 1, 2]
		}
	]
}