{
	"format_version": "1.21.11",
	"credit": "Made with Blockbench",
	"texture_size": [128, 128],
	"textures": {
		"0": "item/chest_music_c",
		"particle": "item/chest_music_c"
	},
	"elements": [
		{
			"from": [3, 4, -10],
			"to": [15, 7, 26],
			"rotation": {"angle": 0, "axis": "y", "origin": [4, 0, 5]},
			"faces": {
				"north": {"uv": [3, 4.5, 4.5, 4.875], "texture": "#0"},
				"east": {"uv": [4.5, 1, 9, 1.375], "texture": "#0"},
				"south": {"uv": [4.5, 3, 6, 3.375], "texture": "#0"},
				"west": {"uv": [4.5, 1.375, 9, 1.75], "texture": "#0"},
				"up": {"uv": [1.5, 4.5, 0, 0], "texture": "#0"},
				"down": {"uv": [3, 0, 1.5, 4.5], "texture": "#0"}
			}
		},
		{
			"from": [3, 0, -10],
			"to": [15, 4, 26],
			"rotation": {"angle": 0, "axis": "y", "origin": [4, 0, 5]},
			"faces": {
				"north": {"uv": [1.5, 4.5, 3, 5], "texture": "#0"},
				"east": {"uv": [4.5, 0, 9, 0.5], "texture": "#0"},
				"south": {"uv": [4.5, 1.75, 6, 2.25], "texture": "#0"},
				"west": {"uv": [4.5, 0.5, 9, 1], "texture": "#0"},
				"up": {"uv": [3, 4.5, 1.5, 0], "texture": "#0"},
				"down": {"uv": [1.5, 0, 0, 4.5], "texture": "#0"}
			}
		},
		{
			"from": [2, 1, -2],
			"to": [3, 6, 0],
			"rotation": {"angle": 0, "axis": "y", "origin": [1, 2, -2]},
			"faces": {
				"north": {"uv": [4.5, 4.875, 4.625, 5.5], "texture": "#0"},
				"east": {"uv": [3, 4.875, 3.25, 5.5], "texture": "#0"},
				"south": {"uv": [4.625, 4.875, 4.75, 5.5], "texture": "#0"},
				"west": {"uv": [3.25, 4.875, 3.5, 5.5], "texture": "#0"},
				"up": {"uv": [1.625, 5.25, 1.5, 5], "texture": "#0"},
				"down": {"uv": [1.75, 5, 1.625, 5.25], "texture": "#0"}
			}
		},
		{
			"from": [2, 1, 16],
			"to": [3, 6, 18],
			"rotation": {"angle": 0, "axis": "y", "origin": [1, 0, 16]},
			"faces": {
				"north": {"uv": [4.75, 4.875, 4.875, 5.5], "texture": "#0"},
				"east": {"uv": [3.5, 4.875, 3.75, 5.5], "texture": "#0"},
				"south": {"uv": [4.875, 4.875, 5, 5.5], "texture": "#0"},
				"west": {"uv": [3.75, 4.875, 4, 5.5], "texture": "#0"},
				"up": {"uv": [1.875, 5.25, 1.75, 5], "texture": "#0"},
				"down": {"uv": [2, 5, 1.875, 5.25], "texture": "#0"}
			}
		},
		{
			"from": [1, 2, 2],
			"to": [3, 5, 14],
			"rotation": {"angle": 0, "axis": "y", "origin": [1, 0, 0]},
			"faces": {
				"north": {"uv": [4, 4.875, 4.25, 5.25], "texture": "#0"},
				"east": {"uv": [4.5, 2.25, 6, 2.625], "texture": "#0"},
				"south": {"uv": [4.25, 4.875, 4.5, 5.25], "texture": "#0"},
				"west": {"uv": [4.5, 2.625, 6, 3], "texture": "#0"},
				"up": {"uv": [4.75, 4.875, 4.5, 3.375], "texture": "#0"},
				"down": {"uv": [5, 3.375, 4.75, 4.875], "texture": "#0"}
			}
		}
	],
	"display": {},
	"groups": [
		{
			"name": "group",
			"origin": [8, 8, 8],
			"color": 0,
			"children": [0, 1, 2, 3, 4]
		}
	]
}