{
	"format_version": "1.21.11",
	"credit": "Made with Blockbench",
	"texture_size": [32, 32],
	"textures": {
		"0": "item/cook_blue",
		"particle": "item/cook_blue"
	},
	"elements": [
		{
			"from": [3, 0, 5],
			"to": [13, 3, 11],
			"rotation": {"angle": 0, "axis": "y", "origin": [5, 0, 5]},
			"faces": {
				"north": {"uv": [0, 6, 5, 7.5], "texture": "#0"},
				"east": {"uv": [0, 9, 3, 10.5], "texture": "#0"},
				"south": {"uv": [5, 6, 10, 7.5], "texture": "#0"},
				"west": {"uv": [3, 9, 6, 10.5], "texture": "#0"},
				"up": {"uv": [5, 3, 0, 0], "texture": "#0"},
				"down": {"uv": [5, 3, 0, 6], "texture": "#0"}
			}
		},
		{
			"from": [4, 2.5, 7],
			"to": [6, 3.5, 9],
			"rotation": {"angle": 0, "axis": "y", "origin": [4, 1.5, 7]},
			"faces": {
				"north": {"uv": [10, 6, 11, 6.5], "texture": "#0"},
				"east": {"uv": [10, 6.5, 11, 7], "texture": "#0"},
				"south": {"uv": [10, 7, 11, 7.5], "texture": "#0"},
				"west": {"uv": [10, 7.5, 11, 8], "texture": "#0"},
				"up": {"uv": [11, 3, 10, 2], "texture": "#0"},
				"down": {"uv": [11, 3, 10, 4], "texture": "#0"}
			}
		},
		{
			"name": "cube_outline",
			"from": [6.5, 4, 9.5],
			"to": [3.5, 2, 6.5],
			"rotation": {"angle": 0, "axis": "y", "origin": [4, 1.5, 7]},
			"faces": {
				"north": {"uv": [10, 4, 11, 4.5], "texture": "#0"},
				"east": {"uv": [10, 4.5, 11, 5], "texture": "#0"},
				"south": {"uv": [10, 5, 11, 5.5], "texture": "#0"},
				"west": {"uv": [10, 5.5, 11, 6], "texture": "#0"},
				"up": {"uv": [11, 1, 10, 0], "texture": "#0"},
				"down": {"uv": [11, 1, 10, 2], "texture": "#0"}
			}
		},
		{
			"name": "cube_outline",
			"from": [13.5, 3.5, 11.5],
			"to": [2.5, -0.5, 4.5],
			"rotation": {"angle": 0, "axis": "y", "origin": [5, 0, 5]},
			"faces": {
				"north": {"uv": [0, 7.5, 5, 9], "texture": "#0"},
				"east": {"uv": [6, 9, 9, 10.5], "texture": "#0"},
				"south": {"uv": [5, 7.5, 10, 9], "texture": "#0"},
				"west": {"uv": [9, 9, 12, 10.5], "texture": "#0"},
				"up": {"uv": [10, 3, 5, 0], "texture": "#0"},
				"down": {"uv": [10, 3, 5, 6], "texture": "#0"}
			}
		}
	],
	"display": {
		"thirdperson_righthand": {
			"translation": [0, 4.25, 0],
			"scale": [0.5, 0.5, 0.5]
		},
		"thirdperson_lefthand": {
			"translation": [0, 4.25, 0],
			"scale": [0.5, 0.5, 0.5]
		},
		"firstperson_righthand": {
			"translation": [0, 5.75, 0]
		},
		"firstperson_lefthand": {
			"translation": [0, 6.5, 0]
		},
		"ground": {
			"translation": [0, 3.5, 0],
			"scale": [0.5, 0.5, 0.5]
		},
		"gui": {
			"rotation": [47, -38, 0],
			"translation": [0, 4, 0]
		},
		"head": {
			"translation": [0, 15, 0]
		},
		"fixed": {
			"rotation": [-90, 0, 0],
			"translation": [0, 0, -8]
		},
		"on_shelf": {
			"rotation": [90, 0, 0],
			"translation": [0, 0, 4.75]
		}
	},
	"groups": [
		{
			"name": "group",
			"origin": [8, 8, 8],
			"color": 0,
			"children": [
				0,
				1,
				{
					"name": "group",
					"origin": [4, 1.5, 7],
					"color": 0,
					"children": [2, 3]
				}
			]
		}
	]
}