{
	"format_version": "1.21.6",
	"credit": "Made with Blockbench",
	"texture_size": [64, 64],
	"textures": {
		"0": "item/cup",
		"particle": "item/cup"
	},
	"elements": [
		{
			"from": [4, 1, 4],
			"to": [12, 2, 12],
			"rotation": {"angle": 0, "axis": "y", "origin": [7, 1, 7]},
			"faces": {
				"north": {"uv": [4, 6, 6, 6.25], "texture": "#0"},
				"east": {"uv": [6, 6, 8, 6.25], "texture": "#0"},
				"south": {"uv": [4, 6.25, 6, 6.5], "texture": "#0"},
				"west": {"uv": [6, 6.25, 8, 6.5], "texture": "#0"},
				"up": {"uv": [2, 7, 0, 5], "texture": "#0"},
				"down": {"uv": [7, 0, 5, 2], "texture": "#0"}
			}
		},
		{
			"from": [3, 0, 3],
			"to": [13, 1, 13],
			"rotation": {"angle": 0, "axis": "y", "origin": [7, 1, 7]},
			"faces": {
				"north": {"uv": [4, 5, 6.5, 5.25], "texture": "#0"},
				"east": {"uv": [5, 4, 7.5, 4.25], "texture": "#0"},
				"south": {"uv": [5, 4.25, 7.5, 4.5], "texture": "#0"},
				"west": {"uv": [5, 4.5, 7.5, 4.75], "texture": "#0"},
				"up": {"uv": [2.5, 2.5, 0, 0], "texture": "#0"},
				"down": {"uv": [2.5, 2.5, 0, 5], "texture": "#0"}
			}
		},
		{
			"name": "cube_outline",
			"from": [12.6, 2.6, 12.6],
			"to": [3.4, 0.4, 3.4],
			"rotation": {"angle": 0, "axis": "y", "origin": [7, 1, 7]},
			"faces": {
				"north": {"uv": [4, 6.5, 6, 6.75], "texture": "#0"},
				"east": {"uv": [6.5, 5, 8.5, 5.25], "texture": "#0"},
				"south": {"uv": [6.5, 5.25, 8.5, 5.5], "texture": "#0"},
				"west": {"uv": [6.5, 5.5, 8.5, 5.75], "texture": "#0"},
				"up": {"uv": [4, 7, 2, 5], "texture": "#0"},
				"down": {"uv": [7, 2, 5, 4], "texture": "#0"}
			}
		},
		{
			"name": "cube_outline",
			"from": [13.6, 1.6, 13.6],
			"to": [2.4, -0.6, 2.4],
			"rotation": {"angle": 0, "axis": "y", "origin": [7, 1, 7]},
			"faces": {
				"north": {"uv": [5, 4.75, 7.5, 5], "texture": "#0"},
				"east": {"uv": [4, 5.25, 6.5, 5.5], "texture": "#0"},
				"south": {"uv": [4, 5.5, 6.5, 5.75], "texture": "#0"},
				"west": {"uv": [4, 5.75, 6.5, 6], "texture": "#0"},
				"up": {"uv": [5, 2.5, 2.5, 0], "texture": "#0"},
				"down": {"uv": [5, 2.5, 2.5, 5], "texture": "#0"}
			}
		}
	],
	"display": {
		"thirdperson_righthand": {
			"rotation": [70, 0, 0],
			"translation": [0, 5.5, 5]
		},
		"thirdperson_lefthand": {
			"rotation": [85, 0, 0],
			"translation": [0, 3.25, 6.75]
		},
		"firstperson_righthand": {
			"rotation": [20, 16, -1],
			"translation": [2, 6.75, 0.25]
		},
		"firstperson_lefthand": {
			"rotation": [0, 17, 15],
			"translation": [0, 7, 0]
		},
		"ground": {
			"translation": [0, 3, 0],
			"scale": [0.5, 0.5, 0.5]
		},
		"gui": {
			"rotation": [33, -53, 0],
			"translation": [0, 6, 0]
		},
		"head": {
			"translation": [0, 15, 0]
		},
		"fixed": {
			"rotation": [-85, -33, 0],
			"translation": [0, 0.25, -8.25]
		},
		"on_shelf": {
			"rotation": [90, 0, 0],
			"translation": [0, 1.25, 4.75]
		}
	},
	"groups": [
		{
			"name": "group",
			"origin": [8, 8, 8],
			"color": 0,
			"children": [0, 1]
		},
		{
			"name": "group",
			"origin": [7, 1, 7],
			"color": 0,
			"children": [2, 3]
		}
	]
}