{
	"format_version": "1.21.11",
	"credit": "Made with Blockbench",
	"texture_size": [32, 32],
	"textures": {
		"1": "item/dianziguan"
	},
	"elements": [
		{
			"from": [5, 7, 5],
			"to": [11, 16, 11],
			"rotation": {"angle": 0, "axis": "y", "origin": [7, 10, 7]},
			"faces": {
				"north": {"uv": [0, 0, 3, 4.5], "texture": "#1"},
				"east": {"uv": [3.5, 0, 6.5, 4.5], "texture": "#1"},
				"south": {"uv": [0, 5, 3, 9.5], "texture": "#1"},
				"west": {"uv": [3.5, 5, 6.5, 9.5], "texture": "#1"},
				"up": {"uv": [10, 11, 7, 8], "texture": "#1"},
				"down": {"uv": [3, 10, 0, 13], "texture": "#1"}
			}
		},
		{
			"from": [7, 7, 7],
			"to": [9, 14, 9],
			"rotation": {"angle": 0, "axis": "y", "origin": [7, 10, 7]},
			"faces": {
				"north": {"uv": [3.5, 10, 4.5, 13.5], "texture": "#1"},
				"east": {"uv": [5, 10, 6, 13.5], "texture": "#1"},
				"south": {"uv": [11, 4, 12, 7.5], "texture": "#1"},
				"west": {"uv": [6.5, 11.5, 7.5, 15], "texture": "#1"},
				"up": {"uv": [13, 13, 12, 12], "texture": "#1"},
				"down": {"uv": [13.5, 4, 12.5, 5], "texture": "#1"}
			}
		},
		{
			"from": [4.5, 5, 4.5],
			"to": [11.5, 8, 11.5],
			"rotation": {"angle": 0, "axis": "y", "origin": [7, 8, 7]},
			"faces": {
				"north": {"uv": [10.5, 8, 14, 9.5], "texture": "#1"},
				"east": {"uv": [10.5, 10, 14, 11.5], "texture": "#1"},
				"south": {"uv": [11, 0, 14.5, 1.5], "texture": "#1"},
				"west": {"uv": [11, 2, 14.5, 3.5], "texture": "#1"},
				"up": {"uv": [10.5, 3.5, 7, 0], "texture": "#1"},
				"down": {"uv": [10.5, 4, 7, 7.5], "texture": "#1"}
			}
		},
		{
			"from": [6, 0, 6],
			"to": [7, 5, 7],
			"rotation": {"angle": 0, "axis": "y", "origin": [5, 3, 5]},
			"faces": {
				"north": {"uv": [8, 11.5, 8.5, 14], "texture": "#1"},
				"east": {"uv": [9, 11.5, 9.5, 14], "texture": "#1"},
				"south": {"uv": [10, 12, 10.5, 14.5], "texture": "#1"},
				"west": {"uv": [11, 12, 11.5, 14.5], "texture": "#1"},
				"up": {"uv": [14, 6, 13.5, 5.5], "texture": "#1"},
				"down": {"uv": [14, 6.5, 13.5, 7], "texture": "#1"}
			}
		},
		{
			"from": [9, 1, 9],
			"to": [10, 5, 10],
			"rotation": {"angle": 0, "axis": "y", "origin": [8, 3, 8]},
			"faces": {
				"north": {"uv": [12.5, 5.5, 13, 7.5], "texture": "#1"},
				"east": {"uv": [0, 13.5, 0.5, 15.5], "texture": "#1"},
				"south": {"uv": [1, 13.5, 1.5, 15.5], "texture": "#1"},
				"west": {"uv": [2, 13.5, 2.5, 15.5], "texture": "#1"},
				"up": {"uv": [12.5, 14, 12, 13.5], "texture": "#1"},
				"down": {"uv": [14, 12, 13.5, 12.5], "texture": "#1"}
			}
		},
		{
			"name": "cube_outline",
			"from": [11.6, 16.6, 11.6],
			"to": [4.4, 6.4, 4.4],
			"rotation": {"angle": 0, "axis": "y", "origin": [7, 10, 7]},
			"faces": {
				"north": {"uv": [14.5, 13.5, 16, 16], "rotation": 180, "texture": "#1"},
				"east": {"uv": [14.5, 13.5, 16, 16], "rotation": 180, "texture": "#1"},
				"south": {"uv": [14.5, 13.5, 16, 16], "rotation": 180, "texture": "#1"},
				"west": {"uv": [14.5, 13.5, 16, 16], "rotation": 180, "texture": "#1"},
				"up": {"uv": [16, 13, 13, 16], "rotation": 180, "texture": "#1"},
				"down": {"uv": [16, 16, 13, 13], "rotation": 180, "texture": "#1"}
			}
		},
		{
			"name": "cube_outline",
			"from": [9.6, 14.6, 9.6],
			"to": [6.4, 6.4, 6.4],
			"rotation": {"angle": 0, "axis": "y", "origin": [7, 10, 7]},
			"faces": {
				"north": {"uv": [11, 4, 12, 7.5], "rotation": 180, "texture": "#1"},
				"east": {"uv": [6.5, 11.5, 7.5, 15], "rotation": 180, "texture": "#1"},
				"south": {"uv": [3.5, 10, 4.5, 13.5], "rotation": 180, "texture": "#1"},
				"west": {"uv": [5, 10, 6, 13.5], "rotation": 180, "texture": "#1"},
				"up": {"uv": [13.5, 4, 12.5, 5], "rotation": 180, "texture": "#1"},
				"down": {"uv": [13, 13, 12, 12], "rotation": 180, "texture": "#1"}
			}
		},
		{
			"name": "cube_outline",
			"from": [12.1, 8.6, 12.1],
			"to": [3.9, 4.4, 3.9],
			"rotation": {"angle": 0, "axis": "y", "origin": [7, 8, 7]},
			"faces": {
				"north": {"uv": [12.5, 14.5, 16, 16], "rotation": 180, "texture": "#1"},
				"east": {"uv": [12.5, 14.5, 16, 16], "rotation": 180, "texture": "#1"},
				"south": {"uv": [12.5, 14.5, 16, 16], "rotation": 180, "texture": "#1"},
				"west": {"uv": [12.5, 14.5, 16, 16], "rotation": 180, "texture": "#1"},
				"up": {"uv": [16, 13.5, 13.5, 16], "rotation": 180, "texture": "#1"},
				"down": {"uv": [16, 16, 13.5, 13.5], "rotation": 180, "texture": "#1"}
			}
		},
		{
			"name": "cube_outline",
			"from": [7.6, 5.6, 7.6],
			"to": [5.4, -0.6, 5.4],
			"rotation": {"angle": 0, "axis": "y", "origin": [5, 3, 5]},
			"faces": {
				"north": {"uv": [15.5, 13.5, 16, 16], "rotation": 180, "texture": "#1"},
				"east": {"uv": [15.5, 13.5, 16, 16], "rotation": 180, "texture": "#1"},
				"south": {"uv": [15.5, 13.5, 16, 16], "rotation": 180, "texture": "#1"},
				"west": {"uv": [15.5, 13.5, 16, 16], "rotation": 180, "texture": "#1"},
				"up": {"uv": [16, 12.5, 15.5, 13], "rotation": 180, "texture": "#1"},
				"down": {"uv": [16, 13.5, 15.5, 13], "rotation": 180, "texture": "#1"}
			}
		},
		{
			"name": "cube_outline",
			"from": [10.6, 5.6, 10.6],
			"to": [8.4, 0.4, 8.4],
			"rotation": {"angle": 0, "axis": "y", "origin": [8, 3, 8]},
			"faces": {
				"north": {"uv": [15.5, 14, 16, 16], "rotation": 180, "texture": "#1"},
				"east": {"uv": [15.5, 14, 16, 16], "rotation": 180, "texture": "#1"},
				"south": {"uv": [15.5, 14, 16, 16], "rotation": 180, "texture": "#1"},
				"west": {"uv": [15.5, 14, 16, 16], "rotation": 180, "texture": "#1"},
				"up": {"uv": [15, 16, 16, 15], "rotation": 90, "texture": "#1"},
				"down": {"uv": [16, 16, 15, 15], "rotation": 180, "texture": "#1"}
			}
		}
	],
	"display": {
		"thirdperson_righthand": {
			"rotation": [58.25, 0, 0],
			"translation": [-0.75, 0, 0]
		},
		"thirdperson_lefthand": {
			"rotation": [58, 0, 0]
		},
		"firstperson_lefthand": {
			"translation": [1.25, 0, 0]
		},
		"ground": {
			"translation": [0, 1.75, 0],
			"scale": [0.5, 0.5, 0.5]
		},
		"gui": {
			"rotation": [24, 68, 0],
			"translation": [0, -0.5, 0],
			"scale": [0.8, 0.8, 0.8]
		},
		"head": {
			"translation": [0, 9, 0]
		}
	},
	"groups": [
		{
			"name": "group",
			"origin": [7, 3, 7],
			"color": 0,
			"children": [0, 1, 2, 3, 4]
		},
		{
			"name": "group",
			"origin": [7, 10, 7],
			"color": 0,
			"children": [5, 6, 7, 8, 9]
		}
	]
}