{
	"format_version": "1.21.6",
	"credit": "Made with Blockbench",
	"texture_size": [32, 32],
	"textures": {
		"0": "item/gold",
		"particle": "item/gold"
	},
	"elements": [
		{
			"from": [3, 0, 3],
			"to": [13, 1, 13],
			"rotation": {"angle": 0, "axis": "y", "origin": [7, 0, 7]},
			"faces": {
				"north": {"uv": [0, 10, 5, 10.5], "texture": "#0"},
				"east": {"uv": [10, 0, 15, 0.5], "texture": "#0"},
				"south": {"uv": [10, 0.5, 15, 1], "texture": "#0"},
				"west": {"uv": [10, 1, 15, 1.5], "texture": "#0"},
				"up": {"uv": [5, 5, 0, 0], "texture": "#0"},
				"down": {"uv": [5, 5, 0, 10], "texture": "#0"}
			}
		},
		{
			"name": "cube_outline",
			"from": [13.6, 1.6, 13.6],
			"to": [2.4, -0.6, 2.4],
			"rotation": {"angle": 0, "axis": "y", "origin": [7, 0, 7]},
			"faces": {
				"north": {"uv": [10, 1.5, 15, 2], "texture": "#0"},
				"east": {"uv": [10, 2, 15, 2.5], "texture": "#0"},
				"south": {"uv": [10, 2.5, 15, 3], "texture": "#0"},
				"west": {"uv": [10, 3, 15, 3.5], "texture": "#0"},
				"up": {"uv": [10, 5, 5, 0], "texture": "#0"},
				"down": {"uv": [10, 5, 5, 10], "texture": "#0"}
			}
		}
	],
	"display": {
		"thirdperson_righthand": {
			"rotation": [70, 20, 0],
			"translation": [0, 1.75, 1.75],
			"scale": [0.25, 0.25, 0.25]
		},
		"thirdperson_lefthand": {
			"rotation": [72, -20, 0],
			"translation": [0.5, 2.25, 2.25],
			"scale": [0.25, 0.25, 0.25]
		},
		"firstperson_righthand": {
			"rotation": [38, -74, -18],
			"translation": [4.5, 5.5, 3.5],
			"scale": [0.8, 0.8, 0.8]
		},
		"firstperson_lefthand": {
			"rotation": [59, 21, 0],
			"translation": [5.25, 6.25, 3.75],
			"scale": [0.8, 0.8, 0.8]
		},
		"ground": {
			"translation": [0, 1.5, 0],
			"scale": [0.25, 0.25, 0.25]
		},
		"gui": {
			"rotation": [56, -108, 0],
			"translation": [0, 3.5, 0],
			"scale": [0.75, 0.75, 0.75]
		},
		"head": {
			"translation": [0, 15.25, 0]
		},
		"fixed": {
			"rotation": [-90, 73, 0],
			"translation": [0, 0, -7.75]
		},
		"on_shelf": {
			"rotation": [90, -81, 0],
			"translation": [0, 0, 4.75]
		}
	},
	"groups": [
		{
			"name": "group",
			"origin": [8, 8, 8],
			"color": 0,
			"children": [0, 1]
		}
	]
}