{
	"format_version": "1.21.6",
	"credit": "Made with Blockbench",
	"textures": {
		"0": "item/head",
		"particle": "item/head"
	},
	"elements": [
		{
			"from": [4, 0, 5],
			"to": [12, 8, 13],
			"rotation": {"angle": 0, "axis": "y", "origin": [4, 0, 5]},
			"faces": {
				"north": {"uv": [2, 2, 4, 4], "texture": "#0"},
				"east": {"uv": [0, 2, 2, 4], "texture": "#0"},
				"south": {"uv": [6, 2, 8, 4], "texture": "#0"},
				"west": {"uv": [4, 2, 6, 4], "texture": "#0"},
				"up": {"uv": [2, 0, 4, 2], "texture": "#0"},
				"down": {"uv": [4, 0, 6, 2], "texture": "#0"}
			}
		},
		{
			"from": [3.5, -0.5, 4.5],
			"to": [12.5, 8.5, 13.5],
			"rotation": {"angle": 0, "axis": "y", "origin": [4, 0, 5]},
			"faces": {
				"north": {"uv": [10, 2, 12, 4], "texture": "#0"},
				"east": {"uv": [8, 2, 10, 4], "texture": "#0"},
				"south": {"uv": [14, 2, 16, 4], "texture": "#0"},
				"west": {"uv": [12, 2, 14, 4], "texture": "#0"},
				"up": {"uv": [12, 2, 10, 0], "texture": "#0"},
				"down": {"uv": [12, 0, 14, 2], "texture": "#0"}
			}
		},
		{
			"name": "cube_outline",
			"from": [13, 9, 14],
			"to": [3, -1, 4],
			"rotation": {"angle": 0, "axis": "y", "origin": [4, 0, 5]},
			"faces": {
				"north": {"uv": [1, 9.5, 3, 11.5], "rotation": 180, "texture": "#0"},
				"east": {"uv": [6.5, 9.25, 8.5, 11.25], "rotation": 180, "texture": "#0"},
				"south": {"uv": [6.5, 9.5, 8.5, 11.5], "rotation": 180, "texture": "#0"},
				"west": {"uv": [5.25, 8.5, 7.25, 10.5], "rotation": 180, "texture": "#0"},
				"up": {"uv": [5.75, 8.75, 7.75, 10.75], "rotation": 180, "texture": "#0"},
				"down": {"uv": [6, 10.25, 8, 12.25], "rotation": 180, "texture": "#0"}
			}
		}
	],
	"display": {
		"thirdperson_righthand": {
			"rotation": [85, 0, 0],
			"translation": [0, 1.75, 1.75],
			"scale": [0.5, 0.5, 0.5]
		},
		"thirdperson_lefthand": {
			"rotation": [55, 0, 0],
			"translation": [0.25, 2.5, 1.5],
			"scale": [0.5, 0.5, 0.5]
		},
		"firstperson_righthand": {
			"rotation": [0, 135, 0],
			"translation": [0, 5.25, -4.25]
		},
		"firstperson_lefthand": {
			"rotation": [0, 123, 0],
			"translation": [6.75, 6, -6.5]
		},
		"ground": {
			"translation": [0, 4.5, 0],
			"scale": [0.5, 0.5, 0.5]
		},
		"gui": {
			"rotation": [21, 138, 0],
			"translation": [-0.75, 3.25, 0]
		},
		"head": {
			"translation": [0, 8.5, -2],
			"scale": [2, 2, 2]
		},
		"fixed": {
			"rotation": [-14, -19, 0],
			"translation": [0, 4.25, -5.25]
		},
		"on_shelf": {
			"rotation": [0, -180, 0],
			"translation": [0.25, 0, 0]
		}
	},
	"groups": [
		{
			"name": "group",
			"origin": [8, 8, 8],
			"color": 0,
			"children": [0, 1, 2]
		}
	]
}