{
	"format_version": "1.21.6",
	"credit": "Made with Blockbench",
	"texture_size": [32, 32],
	"textures": {
		"0": "item/kirasword",
		"particle": "item/kirasword"
	},
	"elements": [
		{
			"from": [13, 0, 0],
			"to": [16, 1, 1],
			"faces": {
				"north": {"uv": [11, 3.5, 12.5, 4], "texture": "#0"},
				"east": {"uv": [6, 12.5, 6.5, 13], "texture": "#0"},
				"south": {"uv": [4, 11, 5.5, 11.5], "texture": "#0"},
				"west": {"uv": [6.5, 12.5, 7, 13], "texture": "#0"},
				"up": {"uv": [12.5, 4.5, 11, 4], "texture": "#0"},
				"down": {"uv": [12.5, 4.5, 11, 5], "texture": "#0"}
			}
		},
		{
			"from": [12, 0, 1],
			"to": [16, 1, 2],
			"rotation": {"angle": 0, "axis": "y", "origin": [0, 0, 1]},
			"faces": {
				"north": {"uv": [9, 3, 11, 3.5], "texture": "#0"},
				"east": {"uv": [7, 12.5, 7.5, 13], "texture": "#0"},
				"south": {"uv": [9, 3.5, 11, 4], "texture": "#0"},
				"west": {"uv": [7.5, 12.5, 8, 13], "texture": "#0"},
				"up": {"uv": [7, 9.5, 5, 9], "texture": "#0"},
				"down": {"uv": [9, 9, 7, 9.5], "texture": "#0"}
			}
		},
		{
			"from": [11, 0, 2],
			"to": [16, 1, 3],
			"rotation": {"angle": 0, "axis": "y", "origin": [0, 0, 2]},
			"faces": {
				"north": {"uv": [0, 6, 2.5, 6.5], "texture": "#0"},
				"east": {"uv": [8, 12.5, 8.5, 13], "texture": "#0"},
				"south": {"uv": [2.5, 6, 5, 6.5], "texture": "#0"},
				"west": {"uv": [8.5, 12.5, 9, 13], "texture": "#0"},
				"up": {"uv": [8.5, 4.5, 6, 4], "texture": "#0"},
				"down": {"uv": [8.5, 4.5, 6, 5], "texture": "#0"}
			}
		},
		{
			"from": [10, 0, 3],
			"to": [15, 1, 4],
			"rotation": {"angle": 0, "axis": "y", "origin": [0, 0, 3]},
			"faces": {
				"north": {"uv": [5, 6, 7.5, 6.5], "texture": "#0"},
				"east": {"uv": [9, 12.5, 9.5, 13], "texture": "#0"},
				"south": {"uv": [6, 5, 8.5, 5.5], "texture": "#0"},
				"west": {"uv": [12.5, 9, 13, 9.5], "texture": "#0"},
				"up": {"uv": [8.5, 6, 6, 5.5], "texture": "#0"},
				"down": {"uv": [2.5, 6.5, 0, 7], "texture": "#0"}
			}
		},
		{
			"from": [8, 0, 5],
			"to": [13, 1, 6],
			"rotation": {"angle": 0, "axis": "y", "origin": [0, 0, 5]},
			"faces": {
				"north": {"uv": [6.5, 0, 9, 0.5], "texture": "#0"},
				"east": {"uv": [9.5, 12.5, 10, 13], "texture": "#0"},
				"south": {"uv": [6.5, 0.5, 9, 1], "texture": "#0"},
				"west": {"uv": [10, 12.5, 10.5, 13], "texture": "#0"},
				"up": {"uv": [9, 1.5, 6.5, 1], "texture": "#0"},
				"down": {"uv": [9, 1.5, 6.5, 2], "texture": "#0"}
			}
		},
		{
			"from": [7, 0, 6],
			"to": [12, 1, 7],
			"rotation": {"angle": 0, "axis": "y", "origin": [0, 0, 6]},
			"faces": {
				"north": {"uv": [6.5, 2, 9, 2.5], "texture": "#0"},
				"east": {"uv": [10.5, 12.5, 11, 13], "texture": "#0"},
				"south": {"uv": [2.5, 6.5, 5, 7], "texture": "#0"},
				"west": {"uv": [11, 12.5, 11.5, 13], "texture": "#0"},
				"up": {"uv": [9, 3, 6.5, 2.5], "texture": "#0"},
				"down": {"uv": [9, 3, 6.5, 3.5], "texture": "#0"}
			}
		},
		{
			"from": [6, 0, 7],
			"to": [11, 1, 8],
			"rotation": {"angle": 0, "axis": "y", "origin": [0, 0, 7]},
			"faces": {
				"north": {"uv": [6.5, 3.5, 9, 4], "texture": "#0"},
				"east": {"uv": [11.5, 12.5, 12, 13], "texture": "#0"},
				"south": {"uv": [5, 6.5, 7.5, 7], "texture": "#0"},
				"west": {"uv": [12, 12.5, 12.5, 13], "texture": "#0"},
				"up": {"uv": [2.5, 7.5, 0, 7], "texture": "#0"},
				"down": {"uv": [5, 7, 2.5, 7.5], "texture": "#0"}
			}
		},
		{
			"from": [9, 0, 4],
			"to": [14, 1, 5],
			"rotation": {"angle": 0, "axis": "y", "origin": [0, 0, 4]},
			"faces": {
				"north": {"uv": [5, 7, 7.5, 7.5], "texture": "#0"},
				"east": {"uv": [12.5, 12, 13, 12.5], "texture": "#0"},
				"south": {"uv": [0, 7.5, 2.5, 8], "texture": "#0"},
				"west": {"uv": [12.5, 12.5, 13, 13], "texture": "#0"},
				"up": {"uv": [5, 8, 2.5, 7.5], "texture": "#0"},
				"down": {"uv": [7.5, 7.5, 5, 8], "texture": "#0"}
			}
		},
		{
			"from": [3, 0, 9],
			"to": [9, 1, 10],
			"rotation": {"angle": 0, "axis": "y", "origin": [0, 0, 9]},
			"faces": {
				"north": {"uv": [3.5, 0, 6.5, 0.5], "texture": "#0"},
				"east": {"uv": [0, 13, 0.5, 13.5], "texture": "#0"},
				"south": {"uv": [3.5, 0.5, 6.5, 1], "texture": "#0"},
				"west": {"uv": [13, 0, 13.5, 0.5], "texture": "#0"},
				"up": {"uv": [6.5, 1.5, 3.5, 1], "texture": "#0"},
				"down": {"uv": [6.5, 1.5, 3.5, 2], "texture": "#0"}
			}
		},
		{
			"from": [4, 0, 10],
			"to": [8, 1, 11],
			"rotation": {"angle": 0, "axis": "y", "origin": [0, 0, 10]},
			"faces": {
				"north": {"uv": [9, 9, 11, 9.5], "texture": "#0"},
				"east": {"uv": [0.5, 13, 1, 13.5], "texture": "#0"},
				"south": {"uv": [0, 9.5, 2, 10], "texture": "#0"},
				"west": {"uv": [13, 0.5, 13.5, 1], "texture": "#0"},
				"up": {"uv": [4, 10, 2, 9.5], "texture": "#0"},
				"down": {"uv": [6, 9.5, 4, 10], "texture": "#0"}
			}
		},
		{
			"from": [3, 0, 11],
			"to": [9, 1, 12],
			"rotation": {"angle": 0, "axis": "y", "origin": [0, 0, 11]},
			"faces": {
				"north": {"uv": [3.5, 2, 6.5, 2.5], "texture": "#0"},
				"east": {"uv": [1, 13, 1.5, 13.5], "texture": "#0"},
				"south": {"uv": [3.5, 2.5, 6.5, 3], "texture": "#0"},
				"west": {"uv": [13, 1, 13.5, 1.5], "texture": "#0"},
				"up": {"uv": [6.5, 3.5, 3.5, 3], "texture": "#0"},
				"down": {"uv": [6.5, 3.5, 3.5, 4], "texture": "#0"}
			}
		},
		{
			"from": [3, 0, 8],
			"to": [10, 1, 9],
			"rotation": {"angle": 0, "axis": "y", "origin": [0, 0, 8]},
			"faces": {
				"north": {"uv": [0, 0, 3.5, 0.5], "texture": "#0"},
				"east": {"uv": [1.5, 13, 2, 13.5], "texture": "#0"},
				"south": {"uv": [0, 0.5, 3.5, 1], "texture": "#0"},
				"west": {"uv": [13, 1.5, 13.5, 2], "texture": "#0"},
				"up": {"uv": [3.5, 1.5, 0, 1], "texture": "#0"},
				"down": {"uv": [3.5, 1.5, 0, 2], "texture": "#0"}
			}
		},
		{
			"from": [0, 0, 13],
			"to": [4, 1, 14],
			"rotation": {"angle": 0, "axis": "y", "origin": [0, 0, 13]},
			"faces": {
				"north": {"uv": [6, 9.5, 8, 10], "texture": "#0"},
				"east": {"uv": [2, 13, 2.5, 13.5], "texture": "#0"},
				"south": {"uv": [8, 9.5, 10, 10], "texture": "#0"},
				"west": {"uv": [13, 2, 13.5, 2.5], "texture": "#0"},
				"up": {"uv": [2, 10.5, 0, 10], "texture": "#0"},
				"down": {"uv": [4, 10, 2, 10.5], "texture": "#0"}
			}
		},
		{
			"from": [0, 0, 14],
			"to": [3, 1, 15],
			"rotation": {"angle": 0, "axis": "y", "origin": [0, 0, 14]},
			"faces": {
				"north": {"uv": [11, 5, 12.5, 5.5], "texture": "#0"},
				"east": {"uv": [2.5, 13, 3, 13.5], "texture": "#0"},
				"south": {"uv": [5.5, 11, 7, 11.5], "texture": "#0"},
				"west": {"uv": [13, 2.5, 13.5, 3], "texture": "#0"},
				"up": {"uv": [12.5, 6, 11, 5.5], "texture": "#0"},
				"down": {"uv": [8.5, 11, 7, 11.5], "texture": "#0"}
			}
		},
		{
			"from": [0, 0, 15],
			"to": [3, 1, 16],
			"rotation": {"angle": 0, "axis": "y", "origin": [0, 0, 15]},
			"faces": {
				"north": {"uv": [8.5, 11, 10, 11.5], "texture": "#0"},
				"east": {"uv": [3, 13, 3.5, 13.5], "texture": "#0"},
				"south": {"uv": [11, 9, 12.5, 9.5], "texture": "#0"},
				"west": {"uv": [13, 3, 13.5, 3.5], "texture": "#0"},
				"up": {"uv": [11.5, 11.5, 10, 11], "texture": "#0"},
				"down": {"uv": [1.5, 11.5, 0, 12], "texture": "#0"}
			}
		},
		{
			"from": [2, 0, 12],
			"to": [5, 1, 13],
			"rotation": {"angle": 0, "axis": "y", "origin": [0, 0, 12]},
			"faces": {
				"north": {"uv": [11.5, 0, 13, 0.5], "texture": "#0"},
				"east": {"uv": [3.5, 13, 4, 13.5], "texture": "#0"},
				"south": {"uv": [11.5, 0.5, 13, 1], "texture": "#0"},
				"west": {"uv": [4, 13, 4.5, 13.5], "texture": "#0"},
				"up": {"uv": [13, 1.5, 11.5, 1], "texture": "#0"},
				"down": {"uv": [3, 11.5, 1.5, 12], "texture": "#0"}
			}
		},
		{
			"from": [2, 0, 7],
			"to": [5, 1, 8],
			"rotation": {"angle": 0, "axis": "y", "origin": [-4, 0, 7]},
			"faces": {
				"north": {"uv": [11.5, 1.5, 13, 2], "texture": "#0"},
				"east": {"uv": [4.5, 13, 5, 13.5], "texture": "#0"},
				"south": {"uv": [11.5, 2, 13, 2.5], "texture": "#0"},
				"west": {"uv": [5, 13, 5.5, 13.5], "texture": "#0"},
				"up": {"uv": [13, 3, 11.5, 2.5], "texture": "#0"},
				"down": {"uv": [4.5, 11.5, 3, 12], "texture": "#0"}
			}
		},
		{
			"from": [2, 0, 6],
			"to": [4, 1, 7],
			"rotation": {"angle": 0, "axis": "y", "origin": [-5, 0, 6]},
			"faces": {
				"north": {"uv": [12, 10, 13, 10.5], "texture": "#0"},
				"east": {"uv": [5.5, 13, 6, 13.5], "texture": "#0"},
				"south": {"uv": [10.5, 12, 11.5, 12.5], "texture": "#0"},
				"west": {"uv": [6, 13, 6.5, 13.5], "texture": "#0"},
				"up": {"uv": [13, 11, 12, 10.5], "texture": "#0"},
				"down": {"uv": [12.5, 12, 11.5, 12.5], "texture": "#0"}
			}
		},
		{
			"from": [6, 0, 12],
			"to": [10, 1, 13],
			"rotation": {"angle": 0, "axis": "y", "origin": [0, 0, 12]},
			"faces": {
				"north": {"uv": [4, 10, 6, 10.5], "texture": "#0"},
				"east": {"uv": [6.5, 13, 7, 13.5], "texture": "#0"},
				"south": {"uv": [6, 10, 8, 10.5], "texture": "#0"},
				"west": {"uv": [7, 13, 7.5, 13.5], "texture": "#0"},
				"up": {"uv": [12, 6.5, 10, 6], "texture": "#0"},
				"down": {"uv": [12, 6.5, 10, 7], "texture": "#0"}
			}
		},
		{
			"from": [8, 0, 13],
			"to": [10, 1, 14],
			"rotation": {"angle": 0, "axis": "y", "origin": [1, 0, 13]},
			"faces": {
				"north": {"uv": [12, 11.5, 13, 12], "texture": "#0"},
				"east": {"uv": [7.5, 13, 8, 13.5], "texture": "#0"},
				"south": {"uv": [0, 12.5, 1, 13], "texture": "#0"},
				"west": {"uv": [8, 13, 8.5, 13.5], "texture": "#0"},
				"up": {"uv": [2, 13, 1, 12.5], "texture": "#0"},
				"down": {"uv": [3, 12.5, 2, 13], "texture": "#0"}
			}
		},
		{
			"name": "cube_outline",
			"from": [9.6, 1.6, 12.6],
			"to": [2.4, -0.6, 10.4],
			"rotation": {"angle": 0, "axis": "y", "origin": [0, 0, 11]},
			"faces": {
				"north": {"uv": [0, 4, 3, 4.5], "texture": "#0"},
				"east": {"uv": [8.5, 13, 9, 13.5], "texture": "#0"},
				"south": {"uv": [3, 4, 6, 4.5], "texture": "#0"},
				"west": {"uv": [9, 13, 9.5, 13.5], "texture": "#0"},
				"up": {"uv": [3, 5, 0, 4.5], "texture": "#0"},
				"down": {"uv": [6, 4.5, 3, 5], "texture": "#0"}
			}
		},
		{
			"name": "cube_outline",
			"from": [16.6, 1.6, 1.6],
			"to": [12.4, -0.6, -0.6],
			"faces": {
				"north": {"uv": [4.5, 11.5, 6, 12], "texture": "#0"},
				"east": {"uv": [13, 9, 13.5, 9.5], "texture": "#0"},
				"south": {"uv": [6, 11.5, 7.5, 12], "texture": "#0"},
				"west": {"uv": [9.5, 13, 10, 13.5], "texture": "#0"},
				"up": {"uv": [9, 12, 7.5, 11.5], "texture": "#0"},
				"down": {"uv": [10.5, 11.5, 9, 12], "texture": "#0"}
			}
		},
		{
			"name": "cube_outline",
			"from": [16.6, 1.6, 2.6],
			"to": [11.4, -0.6, 0.4],
			"rotation": {"angle": 0, "axis": "y", "origin": [0, 0, 1]},
			"faces": {
				"north": {"uv": [10, 7, 12, 7.5], "texture": "#0"},
				"east": {"uv": [10, 13, 10.5, 13.5], "texture": "#0"},
				"south": {"uv": [10, 7.5, 12, 8], "texture": "#0"},
				"west": {"uv": [13, 10, 13.5, 10.5], "texture": "#0"},
				"up": {"uv": [10, 10.5, 8, 10], "texture": "#0"},
				"down": {"uv": [12, 8, 10, 8.5], "texture": "#0"}
			}
		},
		{
			"name": "cube_outline",
			"from": [16.6, 1.6, 3.6],
			"to": [10.4, -0.6, 1.4],
			"rotation": {"angle": 0, "axis": "y", "origin": [0, 0, 2]},
			"faces": {
				"north": {"uv": [7.5, 6, 10, 6.5], "texture": "#0"},
				"east": {"uv": [10.5, 13, 11, 13.5], "texture": "#0"},
				"south": {"uv": [7.5, 6.5, 10, 7], "texture": "#0"},
				"west": {"uv": [13, 10.5, 13.5, 11], "texture": "#0"},
				"up": {"uv": [10, 7.5, 7.5, 7], "texture": "#0"},
				"down": {"uv": [10, 7.5, 7.5, 8], "texture": "#0"}
			}
		},
		{
			"name": "cube_outline",
			"from": [15.6, 1.6, 4.6],
			"to": [9.4, -0.6, 2.4],
			"rotation": {"angle": 0, "axis": "y", "origin": [0, 0, 3]},
			"faces": {
				"north": {"uv": [0, 8, 2.5, 8.5], "texture": "#0"},
				"east": {"uv": [11, 13, 11.5, 13.5], "texture": "#0"},
				"south": {"uv": [2.5, 8, 5, 8.5], "texture": "#0"},
				"west": {"uv": [13, 11, 13.5, 11.5], "texture": "#0"},
				"up": {"uv": [7.5, 8.5, 5, 8], "texture": "#0"},
				"down": {"uv": [10, 8, 7.5, 8.5], "texture": "#0"}
			}
		},
		{
			"name": "cube_outline",
			"from": [13.6, 1.6, 6.6],
			"to": [7.4, -0.6, 4.4],
			"rotation": {"angle": 0, "axis": "y", "origin": [0, 0, 5]},
			"faces": {
				"north": {"uv": [0, 8.5, 2.5, 9], "texture": "#0"},
				"east": {"uv": [11.5, 13, 12, 13.5], "texture": "#0"},
				"south": {"uv": [2.5, 8.5, 5, 9], "texture": "#0"},
				"west": {"uv": [13, 11.5, 13.5, 12], "texture": "#0"},
				"up": {"uv": [11, 4.5, 8.5, 4], "texture": "#0"},
				"down": {"uv": [11, 4.5, 8.5, 5], "texture": "#0"}
			}
		},
		{
			"name": "cube_outline",
			"from": [12.6, 1.6, 7.6],
			"to": [6.4, -0.6, 5.4],
			"rotation": {"angle": 0, "axis": "y", "origin": [0, 0, 6]},
			"faces": {
				"north": {"uv": [5, 8.5, 7.5, 9], "texture": "#0"},
				"east": {"uv": [12, 13, 12.5, 13.5], "texture": "#0"},
				"south": {"uv": [8.5, 5, 11, 5.5], "texture": "#0"},
				"west": {"uv": [13, 12, 13.5, 12.5], "texture": "#0"},
				"up": {"uv": [11, 6, 8.5, 5.5], "texture": "#0"},
				"down": {"uv": [10, 8.5, 7.5, 9], "texture": "#0"}
			}
		},
		{
			"name": "cube_outline",
			"from": [11.6, 1.6, 8.6],
			"to": [5.4, -0.6, 6.4],
			"rotation": {"angle": 0, "axis": "y", "origin": [0, 0, 7]},
			"faces": {
				"north": {"uv": [0, 9, 2.5, 9.5], "texture": "#0"},
				"east": {"uv": [12.5, 13, 13, 13.5], "texture": "#0"},
				"south": {"uv": [9, 0, 11.5, 0.5], "texture": "#0"},
				"west": {"uv": [13, 12.5, 13.5, 13], "texture": "#0"},
				"up": {"uv": [11.5, 1, 9, 0.5], "texture": "#0"},
				"down": {"uv": [11.5, 1, 9, 1.5], "texture": "#0"}
			}
		},
		{
			"name": "cube_outline",
			"from": [14.6, 1.6, 5.6],
			"to": [8.4, -0.6, 3.4],
			"rotation": {"angle": 0, "axis": "y", "origin": [0, 0, 4]},
			"faces": {
				"north": {"uv": [9, 1.5, 11.5, 2], "texture": "#0"},
				"east": {"uv": [13, 13, 13.5, 13.5], "texture": "#0"},
				"south": {"uv": [9, 2, 11.5, 2.5], "texture": "#0"},
				"west": {"uv": [0, 13.5, 0.5, 14], "texture": "#0"},
				"up": {"uv": [5, 9.5, 2.5, 9], "texture": "#0"},
				"down": {"uv": [11.5, 2.5, 9, 3], "texture": "#0"}
			}
		},
		{
			"name": "cube_outline",
			"from": [9.6, 1.6, 10.6],
			"to": [2.4, -0.6, 8.4],
			"rotation": {"angle": 0, "axis": "y", "origin": [0, 0, 9]},
			"faces": {
				"north": {"uv": [0, 5, 3, 5.5], "texture": "#0"},
				"east": {"uv": [13.5, 0, 14, 0.5], "texture": "#0"},
				"south": {"uv": [3, 5, 6, 5.5], "texture": "#0"},
				"west": {"uv": [0.5, 13.5, 1, 14], "texture": "#0"},
				"up": {"uv": [3, 6, 0, 5.5], "texture": "#0"},
				"down": {"uv": [6, 5.5, 3, 6], "texture": "#0"}
			}
		},
		{
			"name": "cube_outline",
			"from": [8.6, 1.6, 11.6],
			"to": [3.4, -0.6, 9.4],
			"rotation": {"angle": 0, "axis": "y", "origin": [0, 0, 10]},
			"faces": {
				"north": {"uv": [10, 8.5, 12, 9], "texture": "#0"},
				"east": {"uv": [13.5, 0.5, 14, 1], "texture": "#0"},
				"south": {"uv": [10, 9.5, 12, 10], "texture": "#0"},
				"west": {"uv": [1, 13.5, 1.5, 14], "texture": "#0"},
				"up": {"uv": [12, 10.5, 10, 10], "texture": "#0"},
				"down": {"uv": [2, 10.5, 0, 11], "texture": "#0"}
			}
		},
		{
			"name": "cube_outline",
			"from": [10.6, 1.6, 9.6],
			"to": [2.4, -0.6, 7.4],
			"rotation": {"angle": 0, "axis": "y", "origin": [0, 0, 8]},
			"faces": {
				"north": {"uv": [0, 2, 3.5, 2.5], "texture": "#0"},
				"east": {"uv": [13.5, 1, 14, 1.5], "texture": "#0"},
				"south": {"uv": [0, 2.5, 3.5, 3], "texture": "#0"},
				"west": {"uv": [1.5, 13.5, 2, 14], "texture": "#0"},
				"up": {"uv": [3.5, 3.5, 0, 3], "texture": "#0"},
				"down": {"uv": [3.5, 3.5, 0, 4], "texture": "#0"}
			}
		},
		{
			"name": "cube_outline",
			"from": [4.6, 1.6, 14.6],
			"to": [-0.6, -0.6, 12.4],
			"rotation": {"angle": 0, "axis": "y", "origin": [0, 0, 13]},
			"faces": {
				"north": {"uv": [2, 10.5, 4, 11], "texture": "#0"},
				"east": {"uv": [13.5, 1.5, 14, 2], "texture": "#0"},
				"south": {"uv": [4, 10.5, 6, 11], "texture": "#0"},
				"west": {"uv": [2, 13.5, 2.5, 14], "texture": "#0"},
				"up": {"uv": [8, 11, 6, 10.5], "texture": "#0"},
				"down": {"uv": [10, 10.5, 8, 11], "texture": "#0"}
			}
		},
		{
			"name": "cube_outline",
			"from": [3.6, 1.6, 15.6],
			"to": [-0.6, -0.6, 13.4],
			"rotation": {"angle": 0, "axis": "y", "origin": [0, 0, 14]},
			"faces": {
				"north": {"uv": [10.5, 11.5, 12, 12], "texture": "#0"},
				"east": {"uv": [13.5, 2, 14, 2.5], "texture": "#0"},
				"south": {"uv": [11.5, 11, 13, 11.5], "texture": "#0"},
				"west": {"uv": [2.5, 13.5, 3, 14], "texture": "#0"},
				"up": {"uv": [1.5, 12.5, 0, 12], "texture": "#0"},
				"down": {"uv": [3, 12, 1.5, 12.5], "texture": "#0"}
			}
		},
		{
			"name": "cube_outline",
			"from": [3.6, 1.6, 16.6],
			"to": [-0.6, -0.6, 14.4],
			"rotation": {"angle": 0, "axis": "y", "origin": [0, 0, 15]},
			"faces": {
				"north": {"uv": [3, 12, 4.5, 12.5], "texture": "#0"},
				"east": {"uv": [13.5, 2.5, 14, 3], "texture": "#0"},
				"south": {"uv": [4.5, 12, 6, 12.5], "texture": "#0"},
				"west": {"uv": [3, 13.5, 3.5, 14], "texture": "#0"},
				"up": {"uv": [7.5, 12.5, 6, 12], "texture": "#0"},
				"down": {"uv": [13.5, 6, 12, 6.5], "texture": "#0"}
			}
		},
		{
			"name": "cube_outline",
			"from": [5.6, 1.6, 13.6],
			"to": [1.4, -0.6, 11.4],
			"rotation": {"angle": 0, "axis": "y", "origin": [0, 0, 12]},
			"faces": {
				"north": {"uv": [12, 6.5, 13.5, 7], "texture": "#0"},
				"east": {"uv": [13.5, 3, 14, 3.5], "texture": "#0"},
				"south": {"uv": [12, 7, 13.5, 7.5], "texture": "#0"},
				"west": {"uv": [3.5, 13.5, 4, 14], "texture": "#0"},
				"up": {"uv": [9, 12.5, 7.5, 12], "texture": "#0"},
				"down": {"uv": [13.5, 7.5, 12, 8], "texture": "#0"}
			}
		},
		{
			"name": "cube_outline",
			"from": [5.6, 1.6, 8.6],
			"to": [1.4, -0.6, 6.4],
			"rotation": {"angle": 0, "axis": "y", "origin": [-4, 0, 7]},
			"faces": {
				"north": {"uv": [12, 8, 13.5, 8.5], "texture": "#0"},
				"east": {"uv": [13.5, 3.5, 14, 4], "texture": "#0"},
				"south": {"uv": [12, 8.5, 13.5, 9], "texture": "#0"},
				"west": {"uv": [4, 13.5, 4.5, 14], "texture": "#0"},
				"up": {"uv": [10.5, 12.5, 9, 12], "texture": "#0"},
				"down": {"uv": [13.5, 9.5, 12, 10], "texture": "#0"}
			}
		},
		{
			"name": "cube_outline",
			"from": [4.6, 1.6, 7.6],
			"to": [1.4, -0.6, 5.4],
			"rotation": {"angle": 0, "axis": "y", "origin": [-5, 0, 6]},
			"faces": {
				"north": {"uv": [3, 12.5, 4, 13], "texture": "#0"},
				"east": {"uv": [13.5, 4, 14, 4.5], "texture": "#0"},
				"south": {"uv": [12.5, 3.5, 13.5, 4], "texture": "#0"},
				"west": {"uv": [4.5, 13.5, 5, 14], "texture": "#0"},
				"up": {"uv": [5, 13, 4, 12.5], "texture": "#0"},
				"down": {"uv": [13.5, 4, 12.5, 4.5], "texture": "#0"}
			}
		},
		{
			"name": "cube_outline",
			"from": [10.6, 1.6, 13.6],
			"to": [5.4, -0.6, 11.4],
			"rotation": {"angle": 0, "axis": "y", "origin": [0, 0, 12]},
			"faces": {
				"north": {"uv": [10, 10.5, 12, 11], "texture": "#0"},
				"east": {"uv": [13.5, 4.5, 14, 5], "texture": "#0"},
				"south": {"uv": [0, 11, 2, 11.5], "texture": "#0"},
				"west": {"uv": [5, 13.5, 5.5, 14], "texture": "#0"},
				"up": {"uv": [4, 11.5, 2, 11], "texture": "#0"},
				"down": {"uv": [13, 3, 11, 3.5], "texture": "#0"}
			}
		},
		{
			"name": "cube_outline",
			"from": [10.6, 1.6, 14.6],
			"to": [7.4, -0.6, 12.4],
			"rotation": {"angle": 0, "axis": "y", "origin": [1, 0, 13]},
			"faces": {
				"north": {"uv": [12.5, 4.5, 13.5, 5], "texture": "#0"},
				"east": {"uv": [13.5, 5, 14, 5.5], "texture": "#0"},
				"south": {"uv": [5, 12.5, 6, 13], "texture": "#0"},
				"west": {"uv": [5.5, 13.5, 6, 14], "texture": "#0"},
				"up": {"uv": [13.5, 5.5, 12.5, 5], "texture": "#0"},
				"down": {"uv": [13.5, 5.5, 12.5, 6], "texture": "#0"}
			}
		}
	],
	"display": {
		"thirdperson_righthand": {
			"rotation": [135, 0, -90],
			"translation": [7.75, 4.75, 1.5]
		},
		"thirdperson_lefthand": {
			"rotation": [135, 0, 90],
			"translation": [-7.75, 4.5, 2]
		},
		"firstperson_righthand": {
			"rotation": [135, -13, -90],
			"translation": [8.25, 1.75, -3.75]
		},
		"firstperson_lefthand": {
			"rotation": [135, -11, 90],
			"translation": [0, 1.75, -5.25]
		},
		"ground": {
			"rotation": [-106.82, -51, 159.21],
			"translation": [-2.25, 3.25, 6.75]
		},
		"gui": {
			"rotation": [90, 0, 0],
			"scale": [0.9, 0.9, 0.9]
		},
		"head": {
			"rotation": [90, -90, 0],
			"translation": [0, -13, 12]
		},
		"fixed": {
			"rotation": [0, -146, 0],
			"translation": [0, 14.75, -15.5],
			"scale": [2, 2, 2]
		},
		"on_shelf": {
			"rotation": [90, 0, 0],
			"translation": [0, 0, 4.75]
		}
	},
	"groups": [
		{
			"name": "group",
			"origin": [8, 8, 8],
			"color": 0,
			"children": [0, 1, 2, 3, 4, 5, 6, 7, 8, 9, 10, 11, 12, 13, 14, 15, 16, 17, 18, 19]
		},
		{
			"name": "group",
			"origin": [8, 8, 8],
			"color": 0,
			"children": [20, 21, 22, 23, 24, 25, 26, 27, 28, 29, 30, 31, 32, 33, 34, 35, 36, 37, 38, 39]
		}
	]
}