{
	"format_version": "1.21.6",
	"credit": "Made with Blockbench",
	"texture_size": [64, 64],
	"textures": {
		"0": "item/life6",
		"particle": "item/life6"
	},
	"elements": [
		{
			"from": [14, 0, 8],
			"to": [15, 1, 11],
			"rotation": {"angle": 0, "axis": "y", "origin": [14, 0, 11]},
			"faces": {
				"north": {"uv": [4.75, 8.75, 5, 9], "texture": "#0"},
				"east": {"uv": [10.25, 8, 11, 8.25], "texture": "#0"},
				"south": {"uv": [4.75, 9, 5, 9.25], "texture": "#0"},
				"west": {"uv": [10.25, 8.25, 11, 8.5], "texture": "#0"},
				"up": {"uv": [10.75, 0.75, 10.5, 0], "texture": "#0"},
				"down": {"uv": [6.25, 10.5, 6, 11.25], "texture": "#0"}
			}
		},
		{
			"from": [13, 0, 6],
			"to": [14, 1, 12],
			"rotation": {"angle": 0, "axis": "y", "origin": [12, 0, 7]},
			"faces": {
				"north": {"uv": [1.25, 9.75, 1.5, 10], "texture": "#0"},
				"east": {"uv": [9.25, 1.5, 10.75, 1.75], "texture": "#0"},
				"south": {"uv": [1.25, 10, 1.5, 10.25], "texture": "#0"},
				"west": {"uv": [9.25, 1.75, 10.75, 2], "texture": "#0"},
				"up": {"uv": [6, 10.75, 5.75, 9.25], "texture": "#0"},
				"down": {"uv": [9.5, 9, 9.25, 10.5], "texture": "#0"}
			}
		},
		{
			"from": [12, 0, 4],
			"to": [13, 1, 13],
			"rotation": {"angle": 0, "axis": "y", "origin": [11, 0, 7]},
			"faces": {
				"north": {"uv": [10.5, 0.75, 10.75, 1], "texture": "#0"},
				"east": {"uv": [8.5, 6, 10.75, 6.25], "texture": "#0"},
				"south": {"uv": [10.5, 7, 10.75, 7.25], "texture": "#0"},
				"west": {"uv": [8.5, 6.25, 10.75, 6.5], "texture": "#0"},
				"up": {"uv": [3, 11, 2.75, 8.75], "texture": "#0"},
				"down": {"uv": [3.25, 8.75, 3, 11], "texture": "#0"}
			}
		},
		{
			"from": [11, 0, 2],
			"to": [12, 1, 14],
			"rotation": {"angle": 0, "axis": "y", "origin": [10, 0, 7]},
			"faces": {
				"north": {"uv": [10.5, 7.25, 10.75, 7.5], "texture": "#0"},
				"east": {"uv": [8.25, 5, 11.25, 5.25], "texture": "#0"},
				"south": {"uv": [9, 10.5, 9.25, 10.75], "texture": "#0"},
				"west": {"uv": [8.25, 5.25, 11.25, 5.5], "texture": "#0"},
				"up": {"uv": [8.25, 11.5, 8, 8.5], "texture": "#0"},
				"down": {"uv": [8.5, 8.5, 8.25, 11.5], "texture": "#0"}
			}
		},
		{
			"from": [10, 0, 0],
			"to": [11, 1, 15],
			"rotation": {"angle": 0, "axis": "y", "origin": [9, 0, 7]},
			"faces": {
				"north": {"uv": [9.25, 10.5, 9.5, 10.75], "texture": "#0"},
				"east": {"uv": [7.5, 2.5, 11.25, 2.75], "texture": "#0"},
				"south": {"uv": [9.5, 10.5, 9.75, 10.75], "texture": "#0"},
				"west": {"uv": [7.5, 2.75, 11.25, 3], "texture": "#0"},
				"up": {"uv": [7.75, 11.25, 7.5, 7.5], "texture": "#0"},
				"down": {"uv": [8, 7.5, 7.75, 11.25], "texture": "#0"}
			}
		},
		{
			"from": [9, 0, 0],
			"to": [10, 1, 16],
			"rotation": {"angle": 0, "axis": "y", "origin": [8, 0, 7]},
			"faces": {
				"north": {"uv": [9.75, 10.5, 10, 10.75], "texture": "#0"},
				"east": {"uv": [6.5, 7, 10.5, 7.25], "texture": "#0"},
				"south": {"uv": [10, 10.5, 10.25, 10.75], "texture": "#0"},
				"west": {"uv": [6.5, 7.25, 10.5, 7.5], "texture": "#0"},
				"up": {"uv": [6.75, 11.5, 6.5, 7.5], "texture": "#0"},
				"down": {"uv": [7, 7.5, 6.75, 11.5], "texture": "#0"}
			}
		},
		{
			"from": [7, 0, 1],
			"to": [9, 1, 16],
			"rotation": {"angle": 0, "axis": "y", "origin": [7, 0, 7]},
			"faces": {
				"north": {"uv": [10.25, 9.5, 10.75, 9.75], "texture": "#0"},
				"east": {"uv": [8, 3, 11.75, 3.25], "texture": "#0"},
				"south": {"uv": [10.25, 9.75, 10.75, 10], "texture": "#0"},
				"west": {"uv": [8, 3.25, 11.75, 3.5], "texture": "#0"},
				"up": {"uv": [4.5, 8.75, 4, 5], "texture": "#0"},
				"down": {"uv": [5, 5, 4.5, 8.75], "texture": "#0"}
			}
		},
		{
			"from": [6, 0, 0],
			"to": [7, 1, 16],
			"rotation": {"angle": 0, "axis": "y", "origin": [5, 0, 7]},
			"faces": {
				"north": {"uv": [10.5, 10, 10.75, 10.25], "texture": "#0"},
				"east": {"uv": [7.5, 2, 11.5, 2.25], "texture": "#0"},
				"south": {"uv": [10.25, 10.5, 10.5, 10.75], "texture": "#0"},
				"west": {"uv": [7.5, 2.25, 11.5, 2.5], "texture": "#0"},
				"up": {"uv": [7.25, 11.5, 7, 7.5], "texture": "#0"},
				"down": {"uv": [7.5, 7.5, 7.25, 11.5], "texture": "#0"}
			}
		},
		{
			"from": [5, 0, 1],
			"to": [6, 1, 16],
			"rotation": {"angle": 0, "axis": "y", "origin": [4, 0, 7]},
			"faces": {
				"north": {"uv": [10.5, 10.25, 10.75, 10.5], "texture": "#0"},
				"east": {"uv": [8, 3.5, 11.75, 3.75], "texture": "#0"},
				"south": {"uv": [10.5, 10.5, 10.75, 10.75], "texture": "#0"},
				"west": {"uv": [8, 3.75, 11.75, 4], "texture": "#0"},
				"up": {"uv": [0.25, 11.75, 0, 8], "texture": "#0"},
				"down": {"uv": [0.5, 8, 0.25, 11.75], "texture": "#0"}
			}
		},
		{
			"from": [4, 0, 2],
			"to": [5, 1, 14],
			"rotation": {"angle": 0, "axis": "y", "origin": [3, 0, 7]},
			"faces": {
				"north": {"uv": [10.75, 0, 11, 0.25], "texture": "#0"},
				"east": {"uv": [8.25, 5.5, 11.25, 5.75], "texture": "#0"},
				"south": {"uv": [10.75, 0.25, 11, 0.5], "texture": "#0"},
				"west": {"uv": [8.25, 5.75, 11.25, 6], "texture": "#0"},
				"up": {"uv": [8.75, 11.5, 8.5, 8.5], "texture": "#0"},
				"down": {"uv": [2.75, 8.75, 2.5, 11.75], "texture": "#0"}
			}
		},
		{
			"from": [3, 0, 3],
			"to": [4, 1, 12],
			"rotation": {"angle": 0, "axis": "y", "origin": [2, 0, 6]},
			"faces": {
				"north": {"uv": [0.5, 10.75, 0.75, 11], "texture": "#0"},
				"east": {"uv": [8.5, 6.5, 10.75, 6.75], "texture": "#0"},
				"south": {"uv": [10.75, 0.5, 11, 0.75], "texture": "#0"},
				"west": {"uv": [8.5, 6.75, 10.75, 7], "texture": "#0"},
				"up": {"uv": [3.5, 11, 3.25, 8.75], "texture": "#0"},
				"down": {"uv": [4.25, 8.75, 4, 11], "texture": "#0"}
			}
		},
		{
			"from": [2, 0, 4],
			"to": [3, 1, 10],
			"rotation": {"angle": 0, "axis": "y", "origin": [1, 0, 5]},
			"faces": {
				"north": {"uv": [0.75, 10.75, 1, 11], "texture": "#0"},
				"east": {"uv": [9.5, 9, 11, 9.25], "texture": "#0"},
				"south": {"uv": [10.75, 0.75, 11, 1], "texture": "#0"},
				"west": {"uv": [9.5, 9.25, 11, 9.5], "texture": "#0"},
				"up": {"uv": [3.75, 11, 3.5, 9.5], "texture": "#0"},
				"down": {"uv": [4, 9.5, 3.75, 11], "texture": "#0"}
			}
		},
		{
			"from": [1, 0, 5],
			"to": [2, 1, 8],
			"rotation": {"angle": 0, "axis": "y", "origin": [1, 0, 8]},
			"faces": {
				"north": {"uv": [1, 10.75, 1.25, 11], "texture": "#0"},
				"east": {"uv": [10.25, 8.5, 11, 8.75], "texture": "#0"},
				"south": {"uv": [10.75, 1, 11, 1.25], "texture": "#0"},
				"west": {"uv": [10.25, 8.75, 11, 9], "texture": "#0"},
				"up": {"uv": [6.5, 11.25, 6.25, 10.5], "texture": "#0"},
				"down": {"uv": [9, 10.5, 8.75, 11.25], "texture": "#0"}
			}
		},
		{
			"name": "cube_outline",
			"from": [15.6, 1.6, 11.6],
			"to": [13.4, -0.6, 7.4],
			"rotation": {"angle": 0, "axis": "y", "origin": [14, 0, 11]},
			"faces": {
				"north": {"uv": [6, 9.5, 6.5, 10], "texture": "#0"},
				"east": {"uv": [8.75, 8.5, 9.75, 9], "texture": "#0"},
				"south": {"uv": [9.75, 4, 10.25, 4.5], "texture": "#0"},
				"west": {"uv": [9, 0, 10, 0.5], "texture": "#0"},
				"up": {"uv": [4.75, 9.75, 4.25, 8.75], "texture": "#0"},
				"down": {"uv": [9.25, 9, 8.75, 10], "texture": "#0"}
			}
		},
		{
			"name": "cube_outline",
			"from": [14.6, 1.6, 12.6],
			"to": [12.4, -0.6, 5.4],
			"rotation": {"angle": 0, "axis": "y", "origin": [12, 0, 7]},
			"faces": {
				"north": {"uv": [4.25, 9.75, 4.75, 10.25], "texture": "#0"},
				"east": {"uv": [8, 4, 9.75, 4.5], "texture": "#0"},
				"south": {"uv": [9.75, 4.5, 10.25, 5], "texture": "#0"},
				"west": {"uv": [8, 4.5, 9.75, 5], "texture": "#0"},
				"up": {"uv": [1, 9.75, 0.5, 8], "texture": "#0"},
				"down": {"uv": [1.5, 8, 1, 9.75], "texture": "#0"}
			}
		},
		{
			"name": "cube_outline",
			"from": [13.6, 1.6, 13.6],
			"to": [11.4, -0.6, 3.4],
			"rotation": {"angle": 0, "axis": "y", "origin": [11, 0, 7]},
			"faces": {
				"north": {"uv": [9.75, 7.5, 10.25, 8], "texture": "#0"},
				"east": {"uv": [6, 6, 8.5, 6.5], "texture": "#0"},
				"south": {"uv": [9.75, 8, 10.25, 8.5], "texture": "#0"},
				"west": {"uv": [6, 6.5, 8.5, 7], "texture": "#0"},
				"up": {"uv": [3, 8.75, 2.5, 6.25], "texture": "#0"},
				"down": {"uv": [3.5, 6.25, 3, 8.75], "texture": "#0"}
			}
		},
		{
			"name": "cube_outline",
			"from": [12.6, 1.6, 14.6],
			"to": [10.4, -0.6, 1.4],
			"rotation": {"angle": 0, "axis": "y", "origin": [10, 0, 7]},
			"faces": {
				"north": {"uv": [9.75, 8.5, 10.25, 9], "texture": "#0"},
				"east": {"uv": [5, 5, 8.25, 5.5], "texture": "#0"},
				"south": {"uv": [10, 0, 10.5, 0.5], "texture": "#0"},
				"west": {"uv": [5, 5.5, 8.25, 6], "texture": "#0"},
				"up": {"uv": [2, 8.5, 1.5, 5.25], "texture": "#0"},
				"down": {"uv": [2.5, 5.25, 2, 8.5], "texture": "#0"}
			}
		},
		{
			"name": "cube_outline",
			"from": [11.6, 1.6, 15.6],
			"to": [9.4, -0.6, -0.6],
			"rotation": {"angle": 0, "axis": "y", "origin": [9, 0, 7]},
			"faces": {
				"north": {"uv": [10, 0.5, 10.5, 1], "texture": "#0"},
				"east": {"uv": [3.5, 2, 7.5, 2.5], "texture": "#0"},
				"south": {"uv": [6, 10, 6.5, 10.5], "texture": "#0"},
				"west": {"uv": [3.5, 2.5, 7.5, 3], "texture": "#0"},
				"up": {"uv": [4, 7, 3.5, 3], "texture": "#0"},
				"down": {"uv": [0.5, 4, 0, 8], "texture": "#0"}
			}
		},
		{
			"name": "cube_outline",
			"from": [10.6, 1.6, 16.6],
			"to": [8.4, -0.6, -0.6],
			"rotation": {"angle": 0, "axis": "y", "origin": [8, 0, 7]},
			"faces": {
				"north": {"uv": [8.75, 10, 9.25, 10.5], "texture": "#0"},
				"east": {"uv": [1.5, 0, 5.75, 0.5], "texture": "#0"},
				"south": {"uv": [9.5, 10, 10, 10.5], "texture": "#0"},
				"west": {"uv": [1.5, 0.5, 5.75, 1], "texture": "#0"},
				"up": {"uv": [2, 5.25, 1.5, 1], "texture": "#0"},
				"down": {"uv": [2.5, 1, 2, 5.25], "texture": "#0"}
			}
		},
		{
			"name": "cube_outline",
			"from": [9.6, 1.6, 16.6],
			"to": [6.4, -0.6, 0.4],
			"rotation": {"angle": 0, "axis": "y", "origin": [7, 0, 7]},
			"faces": {
				"north": {"uv": [9.5, 9.5, 10.25, 10], "texture": "#0"},
				"east": {"uv": [4, 3, 8, 3.5], "texture": "#0"},
				"south": {"uv": [0.5, 9.75, 1.25, 10.25], "texture": "#0"},
				"west": {"uv": [4, 3.5, 8, 4], "texture": "#0"},
				"up": {"uv": [0.75, 4, 0, 0], "texture": "#0"},
				"down": {"uv": [1.5, 0, 0.75, 4], "texture": "#0"}
			}
		},
		{
			"name": "cube_outline",
			"from": [7.6, 1.6, 16.6],
			"to": [5.4, -0.6, -0.6],
			"rotation": {"angle": 0, "axis": "y", "origin": [5, 0, 7]},
			"faces": {
				"north": {"uv": [10, 10, 10.5, 10.5], "texture": "#0"},
				"east": {"uv": [2.5, 1, 6.75, 1.5], "texture": "#0"},
				"south": {"uv": [0.5, 10.25, 1, 10.75], "texture": "#0"},
				"west": {"uv": [2.5, 1.5, 6.75, 2], "texture": "#0"},
				"up": {"uv": [3, 6.25, 2.5, 2], "texture": "#0"},
				"down": {"uv": [3.5, 2, 3, 6.25], "texture": "#0"}
			}
		},
		{
			"name": "cube_outline",
			"from": [6.6, 1.6, 16.6],
			"to": [4.4, -0.6, 0.4],
			"rotation": {"angle": 0, "axis": "y", "origin": [4, 0, 7]},
			"faces": {
				"north": {"uv": [1, 10.25, 1.5, 10.75], "texture": "#0"},
				"east": {"uv": [4, 4, 8, 4.5], "texture": "#0"},
				"south": {"uv": [10.25, 1, 10.75, 1.5], "texture": "#0"},
				"west": {"uv": [4, 4.5, 8, 5], "texture": "#0"},
				"up": {"uv": [1, 8, 0.5, 4], "texture": "#0"},
				"down": {"uv": [1.5, 4, 1, 8], "texture": "#0"}
			}
		},
		{
			"name": "cube_outline",
			"from": [5.6, 1.6, 14.6],
			"to": [3.4, -0.6, 1.4],
			"rotation": {"angle": 0, "axis": "y", "origin": [3, 0, 7]},
			"faces": {
				"north": {"uv": [1.5, 10.25, 2, 10.75], "texture": "#0"},
				"east": {"uv": [5.75, 0, 9, 0.5], "texture": "#0"},
				"south": {"uv": [2, 10.25, 2.5, 10.75], "texture": "#0"},
				"west": {"uv": [5.75, 0.5, 9, 1], "texture": "#0"},
				"up": {"uv": [5.5, 9.25, 5, 6], "texture": "#0"},
				"down": {"uv": [6, 6, 5.5, 9.25], "texture": "#0"}
			}
		},
		{
			"name": "cube_outline",
			"from": [4.6, 1.6, 12.6],
			"to": [2.4, -0.6, 2.4],
			"rotation": {"angle": 0, "axis": "y", "origin": [2, 0, 6]},
			"faces": {
				"north": {"uv": [10.25, 4, 10.75, 4.5], "texture": "#0"},
				"east": {"uv": [6.75, 1, 9.25, 1.5], "texture": "#0"},
				"south": {"uv": [4.25, 10.25, 4.75, 10.75], "texture": "#0"},
				"west": {"uv": [6.75, 1.5, 9.25, 2], "texture": "#0"},
				"up": {"uv": [4, 9.5, 3.5, 7], "texture": "#0"},
				"down": {"uv": [6.5, 7, 6, 9.5], "texture": "#0"}
			}
		},
		{
			"name": "cube_outline",
			"from": [3.6, 1.6, 10.6],
			"to": [1.4, -0.6, 3.4],
			"rotation": {"angle": 0, "axis": "y", "origin": [1, 0, 5]},
			"faces": {
				"north": {"uv": [10.25, 4.5, 10.75, 5], "texture": "#0"},
				"east": {"uv": [8, 7.5, 9.75, 8], "texture": "#0"},
				"south": {"uv": [4.75, 10.25, 5.25, 10.75], "texture": "#0"},
				"west": {"uv": [8, 8, 9.75, 8.5], "texture": "#0"},
				"up": {"uv": [2, 10.25, 1.5, 8.5], "texture": "#0"},
				"down": {"uv": [2.5, 8.5, 2, 10.25], "texture": "#0"}
			}
		},
		{
			"name": "cube_outline",
			"from": [2.6, 1.6, 8.6],
			"to": [0.4, -0.6, 4.4],
			"rotation": {"angle": 0, "axis": "y", "origin": [1, 0, 8]},
			"faces": {
				"north": {"uv": [5.25, 10.25, 5.75, 10.75], "texture": "#0"},
				"east": {"uv": [9, 0.5, 10, 1], "texture": "#0"},
				"south": {"uv": [10.25, 7.5, 10.75, 8], "texture": "#0"},
				"west": {"uv": [9.25, 1, 10.25, 1.5], "texture": "#0"},
				"up": {"uv": [5.25, 10.25, 4.75, 9.25], "texture": "#0"},
				"down": {"uv": [5.75, 9.25, 5.25, 10.25], "texture": "#0"}
			}
		}
	],
	"display": {
		"thirdperson_righthand": {
			"rotation": [84, 0, 0],
			"translation": [-0.75, 2, 3.25],
			"scale": [0.4, 0.4, 0.4]
		},
		"thirdperson_lefthand": {
			"rotation": [94, 0, 0],
			"translation": [0, 1.75, 3.75],
			"scale": [0.4, 0.4, 0.4]
		},
		"firstperson_righthand": {
			"rotation": [69, -65, 0],
			"translation": [-1, 6, 4.75],
			"scale": [0.4, 0.4, 0.4]
		},
		"firstperson_lefthand": {
			"rotation": [80, 81, 0],
			"translation": [0.75, 3.25, 2.75],
			"scale": [0.4, 0.4, 0.4]
		},
		"ground": {
			"rotation": [90, -90, 0],
			"translation": [0, 2, 2.75],
			"scale": [0.4, 0.4, 0.4]
		},
		"gui": {
			"rotation": [90, -90, 0],
			"scale": [0.9, 0.9, 0.9]
		},
		"head": {
			"rotation": [90, -90, 0],
			"translation": [0, 13.25, 13.5]
		},
		"fixed": {
			"rotation": [90, -90, 0],
			"translation": [0, 0, 6.5]
		},
		"on_shelf": {
			"rotation": [90, -90, 0],
			"translation": [0, 0, 4.75]
		}
	},
	"groups": [
		{
			"name": "group",
			"origin": [8, 8, 8],
			"color": 0,
			"children": [0, 1, 2, 3, 4, 5, 6, 7, 8, 9, 10, 11, 12]
		},
		{
			"name": "outline",
			"origin": [8, 8, 8],
			"color": 0,
			"children": [13, 14, 15, 16, 17, 18, 19, 20, 21, 22, 23, 24, 25]
		}
	]
}