{
	"format_version": "1.21.6",
	"credit": "Made with Blockbench",
	"texture_size": [32, 32],
	"textures": {
		"0": "item/orange",
		"particle": "item/orange"
	},
	"elements": [
		{
			"from": [9, 0, 2],
			"to": [14, 4, 10],
			"rotation": {"angle": 0, "axis": "y", "origin": [9, 0, 6]},
			"faces": {
				"north": {"uv": [0, 8, 2.5, 10], "texture": "#0"},
				"east": {"uv": [5, 0, 9, 2], "texture": "#0"},
				"south": {"uv": [2.5, 8, 5, 10], "texture": "#0"},
				"west": {"uv": [5, 2, 9, 4], "texture": "#0"},
				"up": {"uv": [2.5, 4, 0, 0], "texture": "#0"},
				"down": {"uv": [5, 0, 2.5, 4], "texture": "#0"}
			}
		},
		{
			"from": [4.25, 2, 9.5],
			"to": [6.25, 4, 11.5],
			"rotation": {"angle": 0, "axis": "y", "origin": [4.25, 2, 9.5]},
			"faces": {
				"north": {"uv": [9, 0, 10, 1], "texture": "#0"},
				"east": {"uv": [9, 1, 10, 2], "texture": "#0"},
				"south": {"uv": [9, 2, 10, 3], "texture": "#0"},
				"west": {"uv": [9, 3, 10, 4], "texture": "#0"},
				"up": {"uv": [10, 5, 9, 4], "texture": "#0"},
				"down": {"uv": [10, 5, 9, 6], "texture": "#0"}
			}
		},
		{
			"from": [3, 0, 10],
			"to": [5, 2, 12],
			"rotation": {"angle": 0, "axis": "y", "origin": [3, 0, 10]},
			"faces": {
				"north": {"uv": [9, 6, 10, 7], "texture": "#0"},
				"east": {"uv": [9, 7, 10, 8], "texture": "#0"},
				"south": {"uv": [0, 10, 1, 11], "texture": "#0"},
				"west": {"uv": [10, 0, 11, 1], "texture": "#0"},
				"up": {"uv": [2, 11, 1, 10], "texture": "#0"},
				"down": {"uv": [11, 1, 10, 2], "texture": "#0"}
			}
		},
		{
			"from": [5.75, 0, 8.5],
			"to": [7.75, 2, 10.5],
			"rotation": {"angle": 0, "axis": "y", "origin": [5.75, 0, 8.5]},
			"faces": {
				"north": {"uv": [2, 10, 3, 11], "texture": "#0"},
				"east": {"uv": [10, 2, 11, 3], "texture": "#0"},
				"south": {"uv": [3, 10, 4, 11], "texture": "#0"},
				"west": {"uv": [10, 3, 11, 4], "texture": "#0"},
				"up": {"uv": [5, 11, 4, 10], "texture": "#0"},
				"down": {"uv": [11, 4, 10, 5], "texture": "#0"}
			}
		},
		{
			"name": "cube_outline",
			"from": [14.6, 4.6, 10.6],
			"to": [8.4, -0.6, 1.4],
			"rotation": {"angle": 0, "axis": "y", "origin": [9, 0, 6]},
			"faces": {
				"north": {"uv": [5, 8, 7.5, 10], "texture": "#0"},
				"east": {"uv": [5, 4, 9, 6], "texture": "#0"},
				"south": {"uv": [7.5, 8, 10, 10], "texture": "#0"},
				"west": {"uv": [5, 6, 9, 8], "texture": "#0"},
				"up": {"uv": [2.5, 8, 0, 4], "texture": "#0"},
				"down": {"uv": [5, 4, 2.5, 8], "texture": "#0"}
			}
		},
		{
			"name": "cube_outline",
			"from": [6.85, 4.6, 12.1],
			"to": [3.65, 1.4, 8.9],
			"rotation": {"angle": 0, "axis": "y", "origin": [4.25, 2, 9.5]},
			"faces": {
				"north": {"uv": [5, 10, 6, 11], "texture": "#0"},
				"east": {"uv": [10, 5, 11, 6], "texture": "#0"},
				"south": {"uv": [6, 10, 7, 11], "texture": "#0"},
				"west": {"uv": [10, 6, 11, 7], "texture": "#0"},
				"up": {"uv": [8, 11, 7, 10], "texture": "#0"},
				"down": {"uv": [11, 7, 10, 8], "texture": "#0"}
			}
		},
		{
			"name": "cube_outline",
			"from": [5.6, 2.6, 12.6],
			"to": [2.4, -0.6, 9.4],
			"rotation": {"angle": 0, "axis": "y", "origin": [3, 0, 10]},
			"faces": {
				"north": {"uv": [8, 10, 9, 11], "texture": "#0"},
				"east": {"uv": [10, 8, 11, 9], "texture": "#0"},
				"south": {"uv": [9, 10, 10, 11], "texture": "#0"},
				"west": {"uv": [10, 9, 11, 10], "texture": "#0"},
				"up": {"uv": [11, 11, 10, 10], "texture": "#0"},
				"down": {"uv": [1, 11, 0, 12], "texture": "#0"}
			}
		},
		{
			"name": "cube_outline",
			"from": [8.35, 2.6, 11.1],
			"to": [5.15, -0.6, 7.9],
			"rotation": {"angle": 0, "axis": "y", "origin": [5.75, 0, 8.5]},
			"faces": {
				"north": {"uv": [11, 0, 12, 1], "texture": "#0"},
				"east": {"uv": [1, 11, 2, 12], "texture": "#0"},
				"south": {"uv": [11, 1, 12, 2], "texture": "#0"},
				"west": {"uv": [2, 11, 3, 12], "texture": "#0"},
				"up": {"uv": [12, 3, 11, 2], "texture": "#0"},
				"down": {"uv": [4, 11, 3, 12], "texture": "#0"}
			}
		}
	],
	"display": {
		"thirdperson_righthand": {
			"rotation": [72, -56, 0],
			"translation": [-1.25, 3.25, 2.5],
			"scale": [0.5, 0.5, 0.5]
		},
		"thirdperson_lefthand": {
			"rotation": [78, 55, 0],
			"translation": [0, 1.5, 3.25],
			"scale": [0.5, 0.5, 0.5]
		},
		"firstperson_righthand": {
			"rotation": [0, 69, 0],
			"translation": [1.75, 8, -1.5]
		},
		"firstperson_lefthand": {
			"rotation": [0, -142, 0],
			"translation": [2, 9.5, 0]
		},
		"ground": {
			"translation": [0, 3.25, 0],
			"scale": [0.5, 0.5, 0.5]
		},
		"gui": {
			"rotation": [34, 127, 0],
			"translation": [1.25, 3.75, 0]
		},
		"head": {
			"rotation": [0, -56, 0],
			"translation": [-0.5, 15.25, 0]
		},
		"fixed": {
			"rotation": [-25, -46, 0],
			"translation": [-1, 4.5, -4.75]
		},
		"on_shelf": {
			"rotation": [0, 112, 0],
			"translation": [1, 2.75, 0]
		}
	},
	"groups": [
		{
			"name": "group",
			"origin": [8, 8, 8],
			"color": 0,
			"children": [0, 1, 2, 3]
		},
		{
			"name": "group",
			"origin": [9, 0, 6],
			"color": 0,
			"children": [4, 5, 6, 7]
		}
	]
}