{
	"format_version": "1.21.11",
	"credit": "Made with Blockbench",
	"textures": {
		"0": "item/phone",
		"particle": "item/phone"
	},
	"elements": [
		{
			"from": [4, 0, 6],
			"to": [12, 1, 10],
			"rotation": {"angle": 0, "axis": "y", "origin": [9, 0, 6]},
			"faces": {
				"north": {"uv": [8, 4, 16, 5], "texture": "#0"},
				"east": {"uv": [8, 8, 12, 9], "texture": "#0"},
				"south": {"uv": [8, 5, 16, 6], "texture": "#0"},
				"west": {"uv": [8, 9, 12, 10], "texture": "#0"},
				"up": {"uv": [8, 4, 0, 0], "texture": "#0"},
				"down": {"uv": [8, 4, 0, 8], "texture": "#0"}
			}
		},
		{
			"from": [9, 0.25, 7],
			"to": [11, 1.25, 9],
			"rotation": {"angle": 0, "axis": "y", "origin": [9, 0.25, 7]},
			"faces": {
				"north": {"uv": [8, 12, 10, 13], "texture": "#0"},
				"east": {"uv": [12, 8, 14, 9], "texture": "#0"},
				"south": {"uv": [12, 9, 14, 10], "texture": "#0"},
				"west": {"uv": [10, 12, 12, 13], "texture": "#0"},
				"up": {"uv": [10, 12, 8, 10], "texture": "#0"},
				"down": {"uv": [12, 10, 10, 12], "texture": "#0"}
			}
		},
		{
			"name": "cube_outline",
			"from": [12.5, 1.5, 10.5],
			"to": [3.5, -0.5, 5.5],
			"rotation": {"angle": 0, "axis": "y", "origin": [9, 0, 6]},
			"faces": {
				"north": {"uv": [8, 6, 16, 7], "texture": "#0"},
				"east": {"uv": [0, 12, 4, 13], "texture": "#0"},
				"south": {"uv": [8, 7, 16, 8], "texture": "#0"},
				"west": {"uv": [4, 12, 8, 13], "texture": "#0"},
				"up": {"uv": [8, 12, 0, 8], "texture": "#0"},
				"down": {"uv": [16, 0, 8, 4], "texture": "#0"}
			}
		}
	],
	"display": {
		"thirdperson_righthand": {
			"rotation": [-90, 90, 0],
			"translation": [0, 2, -3.25],
			"scale": [0.5, 0.5, 0.5]
		},
		"thirdperson_lefthand": {
			"rotation": [-90, 90, 0],
			"translation": [0, 2, -3],
			"scale": [0.5, 0.5, 0.5]
		},
		"firstperson_righthand": {
			"rotation": [61.01, -79.97, 177.9],
			"translation": [1, 0.25, -5.5]
		},
		"firstperson_lefthand": {
			"rotation": [71, -76, 180],
			"translation": [1.75, 2.5, -6.5]
		},
		"ground": {
			"translation": [0, 4, 0],
			"scale": [0.5, 0.5, 0.5]
		},
		"gui": {
			"rotation": [63, 111, 0],
			"translation": [-0.25, 4.75, 0],
			"scale": [1.5, 1.5, 1.5]
		},
		"head": {
			"translation": [0, 15, 0]
		},
		"fixed": {
			"rotation": [-90, -90, 0],
			"translation": [0, 0, -12],
			"scale": [1.5, 1.5, 1.5]
		},
		"on_shelf": {
			"rotation": [90, 90, 0],
			"translation": [0, 0, 9],
			"scale": [1.5, 1.5, 1.5]
		}
	},
	"groups": [
		{
			"name": "group",
			"origin": [8, 8, 8],
			"color": 0,
			"children": [0, 1, 2]
		}
	]
}