{
	"format_version": "1.21.11",
	"credit": "Made with Blockbench",
	"texture_size": [32, 32],
	"textures": {
		"0": "item/powerbar",
		"particle": "item/powerbar"
	},
	"elements": [
		{
			"from": [2, 0, 5],
			"to": [14, 2, 9],
			"rotation": {"angle": 0, "axis": "y", "origin": [4, 0, 6]},
			"faces": {
				"north": {"uv": [6, 2, 12, 3], "texture": "#0"},
				"east": {"uv": [8, 5, 10, 6], "texture": "#0"},
				"south": {"uv": [6, 3, 12, 4], "texture": "#0"},
				"west": {"uv": [8, 6, 10, 7], "texture": "#0"},
				"up": {"uv": [6, 6, 0, 4], "texture": "#0"},
				"down": {"uv": [6, 4, 0, 6], "texture": "#0"}
			}
		},
		{
			"from": [0, 0.5, 4],
			"to": [2, 1.5, 10],
			"rotation": {"angle": 0, "axis": "y", "origin": [0, 0.5, 5]},
			"faces": {
				"north": {"uv": [10, 4.5, 11, 5], "texture": "#0"},
				"east": {"uv": [8, 9, 11, 9.5], "texture": "#0"},
				"south": {"uv": [10, 5, 11, 5.5], "texture": "#0"},
				"west": {"uv": [8, 9.5, 11, 10], "texture": "#0"},
				"up": {"uv": [1, 11, 0, 8], "texture": "#0"},
				"down": {"uv": [1, 8, 0, 11], "texture": "#0"}
			}
		},
		{
			"from": [14, 0.5, 4],
			"to": [16, 1.5, 10],
			"rotation": {"angle": 0, "axis": "y", "origin": [14, 0.5, 5]},
			"faces": {
				"north": {"uv": [10, 5.5, 11, 6], "texture": "#0"},
				"east": {"uv": [4, 10, 7, 10.5], "texture": "#0"},
				"south": {"uv": [10, 6, 11, 6.5], "texture": "#0"},
				"west": {"uv": [10, 4, 13, 4.5], "texture": "#0"},
				"up": {"uv": [3, 11, 2, 8], "texture": "#0"},
				"down": {"uv": [3, 8, 2, 11], "texture": "#0"}
			}
		},
		{
			"name": "cube_outline",
			"from": [16.6, 2.1, 10.6],
			"to": [13.4, -0.1, 3.4],
			"rotation": {"angle": 0, "axis": "y", "origin": [14, 0.5, 5]},
			"faces": {
				"north": {"uv": [4, 9, 5, 9.5], "texture": "#0"},
				"east": {"uv": [8, 7, 11, 7.5], "texture": "#0"},
				"south": {"uv": [5, 9, 6, 9.5], "texture": "#0"},
				"west": {"uv": [8, 7.5, 11, 8], "texture": "#0"},
				"up": {"uv": [7, 7, 6, 4], "texture": "#0"},
				"down": {"uv": [8, 4, 7, 7], "texture": "#0"}
			}
		},
		{
			"name": "cube_outline",
			"from": [14.6, 2.6, 9.6],
			"to": [1.4, -0.6, 4.4],
			"rotation": {"angle": 0, "axis": "y", "origin": [4, 0, 6]},
			"faces": {
				"north": {"uv": [6, 0, 12, 1], "texture": "#0"},
				"east": {"uv": [4, 8, 6, 9], "texture": "#0"},
				"south": {"uv": [6, 1, 12, 2], "texture": "#0"},
				"west": {"uv": [8, 4, 10, 5], "texture": "#0"},
				"up": {"uv": [6, 2, 0, 0], "texture": "#0"},
				"down": {"uv": [6, 2, 0, 4], "texture": "#0"}
			}
		},
		{
			"name": "cube_outline",
			"from": [2.6, 2.1, 10.6],
			"to": [-0.6, -0.1, 3.4],
			"rotation": {"angle": 0, "axis": "y", "origin": [0, 0.5, 5]},
			"faces": {
				"north": {"uv": [4, 9.5, 5, 10], "texture": "#0"},
				"east": {"uv": [8, 8, 11, 8.5], "texture": "#0"},
				"south": {"uv": [5, 9.5, 6, 10], "texture": "#0"},
				"west": {"uv": [8, 8.5, 11, 9], "texture": "#0"},
				"up": {"uv": [7, 10, 6, 7], "texture": "#0"},
				"down": {"uv": [8, 7, 7, 10], "texture": "#0"}
			}
		}
	],
	"display": {
		"thirdperson_righthand": {
			"rotation": [36, 89, 55],
			"translation": [0.75, 2.75, 4.25],
			"scale": [0.5, 0.5, 0.5]
		},
		"thirdperson_lefthand": {
			"rotation": [0, -89, -90],
			"translation": [0, 2.75, 4.5],
			"scale": [0.5, 0.5, 0.5]
		},
		"firstperson_righthand": {
			"rotation": [46, 11, 0],
			"translation": [4.75, 2.5, 0],
			"scale": [0.5, 0.5, 0.5]
		},
		"firstperson_lefthand": {
			"rotation": [37, 11, 0],
			"translation": [4, 4, 0],
			"scale": [0.5, 0.5, 0.5]
		},
		"ground": {
			"translation": [0, 2.25, 0],
			"scale": [0.5, 0.5, 0.5]
		},
		"gui": {
			"rotation": [90, -116, 0],
			"translation": [-0.75, 0.25, 0],
			"scale": [0.8, 0.8, 0.8]
		},
		"head": {
			"translation": [0, 14.75, 0]
		},
		"fixed": {
			"rotation": [-90, 35, 0],
			"translation": [0, 0, -7.75]
		},
		"on_shelf": {
			"rotation": [90, 0, 0],
			"translation": [0, 0, 4.75]
		}
	},
	"groups": [
		{
			"name": "group",
			"origin": [8, 8, 8],
			"color": 0,
			"children": [0, 1, 2]
		},
		{
			"name": "group",
			"origin": [14, 0.5, 5],
			"color": 0,
			"children": [3, 4, 5]
		}
	]
}