{
	"format_version": "1.21.11",
	"credit": "Made with Blockbench",
	"texture_size": [32, 32],
	"textures": {
		"0": "item/ppaper",
		"particle": "item/ppaper"
	},
	"elements": [
		{
			"from": [6, 0, 4],
			"to": [11, 3, 12],
			"rotation": {"angle": 0, "axis": "y", "origin": [6, 0, 4]},
			"faces": {
				"north": {"uv": [5, 7.5, 7.5, 9], "texture": "#0"},
				"east": {"uv": [5, 1.5, 9, 3], "texture": "#0"},
				"south": {"uv": [5, 7.5, 7.5, 9], "texture": "#0"},
				"west": {"uv": [5, 1.5, 9, 3], "texture": "#0"},
				"up": {"uv": [2.5, 4, 0, 0], "texture": "#0"},
				"down": {"uv": [2.5, 0, 0, 4], "texture": "#0"}
			}
		},
		{
			"from": [8.6, 3, 5.4],
			"to": [8.6, 5, 10.4],
			"rotation": {"angle": 0, "axis": "y", "origin": [7.6, 3, 5.4]},
			"faces": {
				"north": {"uv": [0, 0, 0, 1], "texture": "#0"},
				"east": {"uv": [0, 9, 2.5, 10], "texture": "#0"},
				"south": {"uv": [0, 0, 0, 1], "texture": "#0"},
				"west": {"uv": [9, 0, 11.5, 1], "texture": "#0"},
				"up": {"uv": [0, 2.5, 0, 0], "texture": "#0"},
				"down": {"uv": [0, 0, 0, 2.5], "texture": "#0"}
			}
		},
		{
			"name": "cube_outline",
			"from": [9.1, 5.5, 10.9],
			"to": [8.1, 2.5, 4.9],
			"rotation": {"angle": 0, "axis": "y", "origin": [7.6, 3, 5.4]},
			"faces": {
				"north": {"uv": [3, 9, 3.5, 10], "texture": "#0"},
				"east": {"uv": [0, 8, 2.5, 9], "texture": "#0"},
				"south": {"uv": [3.5, 9, 4, 10], "texture": "#0"},
				"west": {"uv": [2.5, 8, 5, 9], "texture": "#0"},
				"up": {"uv": [9.5, 3.5, 9, 1], "texture": "#0"},
				"down": {"uv": [3, 9, 2.5, 11.5], "texture": "#0"}
			}
		},
		{
			"name": "cube_outline",
			"from": [11.5, 3.5, 12.5],
			"to": [5.5, -0.5, 3.5],
			"rotation": {"angle": 0, "axis": "y", "origin": [6, 0, 4]},
			"faces": {
				"north": {"uv": [7.5, 6, 10, 7.5], "texture": "#0"},
				"east": {"uv": [5, 3, 9, 4.5], "texture": "#0"},
				"south": {"uv": [5, 7.5, 7.5, 9], "texture": "#0"},
				"west": {"uv": [5, 3, 9, 4.5], "texture": "#0"},
				"up": {"uv": [2.5, 8, 0, 4], "texture": "#0"},
				"down": {"uv": [5, 4, 2.5, 8], "texture": "#0"}
			}
		}
	],
	"display": {
		"thirdperson_righthand": {
			"translation": [0, 4.5, 0],
			"scale": [0.5, 0.5, 0.5]
		},
		"thirdperson_lefthand": {
			"translation": [0, 4.25, 0],
			"scale": [0.5, 0.5, 0.5]
		},
		"firstperson_righthand": {
			"translation": [0, 5.75, 0]
		},
		"firstperson_lefthand": {
			"translation": [0, 6.5, 0]
		},
		"ground": {
			"translation": [0, 3.5, 0],
			"scale": [0.5, 0.5, 0.5]
		},
		"gui": {
			"rotation": [17, -63, 0],
			"translation": [-0.25, 6.75, 0],
			"scale": [1.2, 1.2, 1.2]
		},
		"head": {
			"translation": [0, 15, 0]
		},
		"fixed": {
			"rotation": [-90, 0, 0],
			"translation": [0, 0, -8]
		},
		"on_shelf": {
			"rotation": [0, 90, 0]
		}
	},
	"groups": [
		{
			"name": "group",
			"origin": [8, 8, 8],
			"color": 0,
			"children": [
				0,
				1,
				{
					"name": "group",
					"origin": [7.6, 3, 5.4],
					"color": 0,
					"children": [2, 3]
				}
			]
		}
	]
}