{
	"format_version": "1.21.11",
	"credit": "Made with Blockbench",
	"textures": {
		"0": "item/searching",
		"particle": "item/searching"
	},
	"elements": [
		{
			"from": [8, 0, 4],
			"to": [12, 2, 5],
			"rotation": {"angle": 0, "axis": "y", "origin": [7, 0, 4]},
			"faces": {
				"north": {"uv": [3, 0, 7, 2], "texture": "#0"},
				"east": {"uv": [8, 10, 9, 12], "texture": "#0"},
				"south": {"uv": [3, 2, 7, 4], "texture": "#0"},
				"west": {"uv": [9, 10, 10, 12], "texture": "#0"},
				"up": {"uv": [4, 10, 0, 9], "texture": "#0"},
				"down": {"uv": [8, 9, 4, 10], "texture": "#0"}
			}
		},
		{
			"from": [2, 1, 5.8],
			"to": [7, 2, 6.8],
			"rotation": {"angle": 45, "axis": "x", "origin": [2, 1, 5.8]},
			"faces": {
				"north": {"uv": [0, 8, 5, 9], "texture": "#0"},
				"east": {"uv": [10, 8, 11, 9], "texture": "#0"},
				"south": {"uv": [5, 8, 10, 9], "texture": "#0"},
				"west": {"uv": [3, 11, 4, 12], "texture": "#0"},
				"up": {"uv": [13, 7, 8, 6], "texture": "#0"},
				"down": {"uv": [13, 7, 8, 8], "texture": "#0"}
			}
		},
		{
			"from": [7, 0, 8],
			"to": [11, 2, 9],
			"rotation": {"angle": 0, "axis": "y", "origin": [6, 0, 8]},
			"faces": {
				"north": {"uv": [3, 4, 7, 6], "texture": "#0"},
				"east": {"uv": [10, 10, 11, 12], "texture": "#0"},
				"south": {"uv": [0, 6, 4, 8], "texture": "#0"},
				"west": {"uv": [0, 11, 1, 13], "texture": "#0"},
				"up": {"uv": [12, 10, 8, 9], "texture": "#0"},
				"down": {"uv": [4, 10, 0, 11], "texture": "#0"}
			}
		},
		{
			"from": [7, 0, 4],
			"to": [8, 2, 8],
			"rotation": {"angle": 0, "axis": "y", "origin": [7, 0, 7]},
			"faces": {
				"north": {"uv": [11, 0, 12, 2], "texture": "#0"},
				"east": {"uv": [4, 6, 8, 8], "texture": "#0"},
				"south": {"uv": [1, 11, 2, 13], "texture": "#0"},
				"west": {"uv": [7, 0, 11, 2], "texture": "#0"},
				"up": {"uv": [5, 14, 4, 10], "texture": "#0"},
				"down": {"uv": [6, 10, 5, 14], "texture": "#0"}
			}
		},
		{
			"from": [11, 0, 5],
			"to": [12, 2, 9],
			"rotation": {"angle": 0, "axis": "y", "origin": [11, 0, 7]},
			"faces": {
				"north": {"uv": [2, 11, 3, 13], "texture": "#0"},
				"east": {"uv": [7, 2, 11, 4], "texture": "#0"},
				"south": {"uv": [11, 2, 12, 4], "texture": "#0"},
				"west": {"uv": [7, 4, 11, 6], "texture": "#0"},
				"up": {"uv": [7, 14, 6, 10], "texture": "#0"},
				"down": {"uv": [8, 10, 7, 14], "texture": "#0"}
			}
		},
		{
			"from": [8, 1, 5],
			"to": [11, 1, 8],
			"rotation": {"angle": 0, "axis": "y", "origin": [9, 0, 5]},
			"faces": {
				"north": {"uv": [0, 0, 3, 0], "texture": "#0"},
				"east": {"uv": [0, 0, 3, 0], "texture": "#0"},
				"south": {"uv": [0, 0, 3, 0], "texture": "#0"},
				"west": {"uv": [0, 0, 3, 0], "texture": "#0"},
				"up": {"uv": [3, 3, 0, 0], "texture": "#0"},
				"down": {"uv": [3, 3, 0, 6], "texture": "#0"}
			}
		}
	],
	"display": {
		"gui": {
			"rotation": [91, 125, 0],
			"translation": [1.5, 2, 0],
			"scale": [1.5, 1.5, 1.5]
		}
	},
	"groups": [
		{
			"name": "group",
			"origin": [8, 8, 8],
			"color": 0,
			"children": [0, 1, 2, 3, 4, 5]
		}
	]
}