{
	"format_version": "1.21.11",
	"credit": "Made with Blockbench",
	"texture_size": [32, 32],
	"textures": {
		"0": "item/shitball",
		"particle": "item/shitball"
	},
	"elements": [
		{
			"from": [6, 0, 6],
			"to": [11, 5, 11],
			"rotation": {"angle": 0, "axis": "y", "origin": [7, 0, 6]},
			"faces": {
				"north": {"uv": [0, 0, 2.5, 2.5], "texture": "#0"},
				"east": {"uv": [0, 2.5, 2.5, 5], "texture": "#0"},
				"south": {"uv": [2.5, 0, 5, 2.5], "texture": "#0"},
				"west": {"uv": [2.5, 2.5, 5, 5], "texture": "#0"},
				"up": {"uv": [2.5, 7.5, 0, 5], "texture": "#0"},
				"down": {"uv": [7.5, 0, 5, 2.5], "texture": "#0"}
			}
		},
		{
			"from": [11, 3, 7],
			"to": [12, 4, 8],
			"rotation": {"angle": 0, "axis": "y", "origin": [10, 3, 6]},
			"faces": {
				"north": {"uv": [7.5, 2.5, 8, 3], "texture": "#0"},
				"east": {"uv": [7.5, 3, 8, 3.5], "texture": "#0"},
				"south": {"uv": [7.5, 3.5, 8, 4], "texture": "#0"},
				"west": {"uv": [7.5, 4, 8, 4.5], "texture": "#0"},
				"up": {"uv": [8, 5, 7.5, 4.5], "texture": "#0"},
				"down": {"uv": [5.5, 7.5, 5, 8], "texture": "#0"}
			}
		},
		{
			"from": [5, 5, 12],
			"to": [6, 6, 13],
			"rotation": {"angle": 0, "axis": "y", "origin": [4, 5, 11]},
			"faces": {
				"north": {"uv": [7.5, 5, 8, 5.5], "texture": "#0"},
				"east": {"uv": [5.5, 7.5, 6, 8], "texture": "#0"},
				"south": {"uv": [7.5, 5.5, 8, 6], "texture": "#0"},
				"west": {"uv": [6, 7.5, 6.5, 8], "texture": "#0"},
				"up": {"uv": [8, 6.5, 7.5, 6], "texture": "#0"},
				"down": {"uv": [7, 7.5, 6.5, 8], "texture": "#0"}
			}
		},
		{
			"from": [5, 7, 4],
			"to": [6, 8, 5],
			"rotation": {"angle": 0, "axis": "y", "origin": [4, 6, 3]},
			"faces": {
				"north": {"uv": [7.5, 6.5, 8, 7], "texture": "#0"},
				"east": {"uv": [7, 7.5, 7.5, 8], "texture": "#0"},
				"south": {"uv": [7.5, 7, 8, 7.5], "texture": "#0"},
				"west": {"uv": [7.5, 7.5, 8, 8], "texture": "#0"},
				"up": {"uv": [8.5, 3, 8, 2.5], "texture": "#0"},
				"down": {"uv": [8.5, 3, 8, 3.5], "texture": "#0"}
			}
		},
		{
			"name": "cube_outline",
			"from": [12.4, 4.4, 8.4],
			"to": [10.6, 2.6, 6.6],
			"rotation": {"angle": 0, "axis": "y", "origin": [10, 3, 6]},
			"faces": {
				"north": {"uv": [8, 3.5, 8.5, 4], "texture": "#0"},
				"east": {"uv": [8, 4, 8.5, 4.5], "texture": "#0"},
				"south": {"uv": [8, 4.5, 8.5, 5], "texture": "#0"},
				"west": {"uv": [5, 8, 5.5, 8.5], "texture": "#0"},
				"up": {"uv": [8.5, 5.5, 8, 5], "texture": "#0"},
				"down": {"uv": [6, 8, 5.5, 8.5], "texture": "#0"}
			}
		},
		{
			"name": "cube_outline",
			"from": [11.4, 5.4, 11.4],
			"to": [5.6, -0.4, 5.6],
			"rotation": {"angle": 0, "axis": "y", "origin": [7, 0, 6]},
			"faces": {
				"north": {"uv": [2.5, 5, 5, 7.5], "texture": "#0"},
				"east": {"uv": [5, 2.5, 7.5, 5], "texture": "#0"},
				"south": {"uv": [5, 5, 7.5, 7.5], "texture": "#0"},
				"west": {"uv": [0, 7.5, 2.5, 10], "texture": "#0"},
				"up": {"uv": [10, 2.5, 7.5, 0], "texture": "#0"},
				"down": {"uv": [5, 7.5, 2.5, 10], "texture": "#0"}
			}
		},
		{
			"name": "cube_outline",
			"from": [6.4, 6.4, 13.4],
			"to": [4.6, 4.6, 11.6],
			"rotation": {"angle": 0, "axis": "y", "origin": [4, 5, 11]},
			"faces": {
				"north": {"uv": [8, 5.5, 8.5, 6], "texture": "#0"},
				"east": {"uv": [6, 8, 6.5, 8.5], "texture": "#0"},
				"south": {"uv": [8, 6, 8.5, 6.5], "texture": "#0"},
				"west": {"uv": [6.5, 8, 7, 8.5], "texture": "#0"},
				"up": {"uv": [8.5, 7, 8, 6.5], "texture": "#0"},
				"down": {"uv": [7.5, 8, 7, 8.5], "texture": "#0"}
			}
		},
		{
			"name": "cube_outline",
			"from": [6.4, 8.4, 5.4],
			"to": [4.6, 6.6, 3.6],
			"rotation": {"angle": 0, "axis": "y", "origin": [4, 6, 3]},
			"faces": {
				"north": {"uv": [8, 7, 8.5, 7.5], "texture": "#0"},
				"east": {"uv": [7.5, 8, 8, 8.5], "texture": "#0"},
				"south": {"uv": [8, 7.5, 8.5, 8], "texture": "#0"},
				"west": {"uv": [8, 8, 8.5, 8.5], "texture": "#0"},
				"up": {"uv": [9, 3, 8.5, 2.5], "texture": "#0"},
				"down": {"uv": [9, 3, 8.5, 3.5], "texture": "#0"}
			}
		}
	],
	"display": {
		"thirdperson_righthand": {
			"translation": [0, 10.5, 0]
		},
		"thirdperson_lefthand": {
			"translation": [0, 10.25, 0]
		},
		"firstperson_righthand": {
			"rotation": [0, 26, 0],
			"translation": [0, 7.25, 0]
		},
		"firstperson_lefthand": {
			"rotation": [0, 42, 0],
			"translation": [0, 7.5, 0]
		},
		"ground": {
			"translation": [0, 3.75, 0],
			"scale": [0.5, 0.5, 0.5]
		},
		"gui": {
			"rotation": [29, -43, 0],
			"translation": [0.5, 4.25, 0],
			"scale": [1.2, 1.2, 1.2]
		},
		"head": {
			"translation": [0, 15, 0]
		},
		"fixed": {
			"rotation": [-34, 42, 0],
			"translation": [-0.75, 3.75, -6.25]
		}
	},
	"groups": [
		{
			"name": "group",
			"origin": [8, 8, 8],
			"color": 0,
			"children": [0, 1, 2, 3]
		},
		{
			"name": "group",
			"origin": [10, 3, 6],
			"color": 0,
			"children": [4, 5, 6, 7]
		}
	]
}