{
	"format_version": "1.21.6",
	"credit": "Made with Blockbench",
	"texture_size": [32, 32],
	"textures": {
		"0": "item/yogurt",
		"particle": "item/yogurt"
	},
	"elements": [
		{
			"from": [6, 0, 6],
			"to": [10, 5, 10],
			"rotation": {"angle": 0, "axis": "y", "origin": [7, 0, 7]},
			"faces": {
				"north": {"uv": [0, 6, 2, 8.5], "texture": "#0"},
				"east": {"uv": [6, 0, 8, 2.5], "texture": "#0"},
				"south": {"uv": [2, 6, 4, 8.5], "texture": "#0"},
				"west": {"uv": [6, 2.5, 8, 5], "texture": "#0"},
				"up": {"uv": [10, 4.5, 8, 2.5], "texture": "#0"},
				"down": {"uv": [10, 4.5, 8, 6.5], "texture": "#0"}
			}
		},
		{
			"from": [5, 5, 5],
			"to": [11, 6, 11],
			"rotation": {"angle": 0, "axis": "y", "origin": [5, 4, 9]},
			"faces": {
				"north": {"uv": [2, 8.5, 5, 9], "texture": "#0"},
				"east": {"uv": [8, 8.5, 11, 9], "texture": "#0"},
				"south": {"uv": [2, 9, 5, 9.5], "texture": "#0"},
				"west": {"uv": [8, 9, 11, 9.5], "texture": "#0"},
				"up": {"uv": [3, 3, 0, 0], "texture": "#0"},
				"down": {"uv": [3, 3, 0, 6], "texture": "#0"}
			}
		},
		{
			"name": "cube_outline",
			"from": [11.4, 6.4, 11.4],
			"to": [4.6, 4.6, 4.6],
			"rotation": {"angle": 0, "axis": "y", "origin": [5, 4, 9]},
			"faces": {
				"north": {"uv": [2, 9.5, 5, 10], "texture": "#0"},
				"east": {"uv": [8, 9.5, 11, 10], "texture": "#0"},
				"south": {"uv": [10, 0, 13, 0.5], "texture": "#0"},
				"west": {"uv": [10, 0.5, 13, 1], "texture": "#0"},
				"up": {"uv": [6, 3, 3, 0], "texture": "#0"},
				"down": {"uv": [6, 3, 3, 6], "texture": "#0"}
			}
		},
		{
			"name": "cube_outline",
			"from": [10.4, 5.4, 10.4],
			"to": [5.6, -0.4, 5.6],
			"rotation": {"angle": 0, "axis": "y", "origin": [7, 0, 7]},
			"faces": {
				"north": {"uv": [4, 6, 6, 8.5], "texture": "#0"},
				"east": {"uv": [6, 5, 8, 7.5], "texture": "#0"},
				"south": {"uv": [6, 7.5, 8, 10], "texture": "#0"},
				"west": {"uv": [8, 0, 10, 2.5], "texture": "#0"},
				"up": {"uv": [10, 8.5, 8, 6.5], "texture": "#0"},
				"down": {"uv": [2, 8.5, 0, 10.5], "texture": "#0"}
			}
		}
	],
	"display": {
		"thirdperson_righthand": {
			"translation": [0, 4.25, 0.5],
			"scale": [0.5, 0.5, 0.5]
		},
		"thirdperson_lefthand": {
			"translation": [0, 4, 0],
			"scale": [0.5, 0.5, 0.5]
		},
		"firstperson_righthand": {
			"rotation": [14, 103, 0],
			"translation": [1.25, 8, 0.75]
		},
		"firstperson_lefthand": {
			"rotation": [11, 92, 0],
			"translation": [2, 8, 0]
		},
		"ground": {
			"translation": [0, 2.5, 0],
			"scale": [0.5, 0.5, 0.5]
		},
		"gui": {
			"rotation": [26, -123, 0],
			"translation": [0, 5.5, 0],
			"scale": [1.2, 1.2, 1.2]
		},
		"head": {
			"translation": [0, 15.25, 0]
		},
		"fixed": {
			"rotation": [0, -49, 0],
			"translation": [0, 4.75, -2.25]
		},
		"on_shelf": {
			"rotation": [0, -133, 0],
			"translation": [0, 4, 0]
		}
	},
	"groups": [
		{
			"name": "group",
			"origin": [8, 8, 8],
			"color": 0,
			"children": [0, 1]
		},
		{
			"name": "group",
			"origin": [5, 4, 9],
			"color": 0,
			"children": [2, 3]
		}
	]
}